,DATE,TIME,CO_GT,PT08_S1_CO,NMHC_GT,C6H6_GT,PT08_S2_NMHC,NOX_GT,PT08_S3_NOX,NO2_GT,PT08_S4_NO2,PT08_S5_O3,T,RH,AH,MONTH,HOUR
0,2004-03-10,18.00.00,2.6,1360.0,150.0,11.9,1046.0,166.0,1056.0,113.0,1692.0,1268.0,13.6,48.9,0.7578,3,18
1,2004-03-10,19.00.00,2.0,1292.0,112.0,9.4,955.0,103.0,1174.0,92.0,1559.0,972.0,13.3,47.7,0.7255,3,19
2,2004-03-10,20.00.00,2.2,1402.0,88.0,9.0,939.0,131.0,1140.0,114.0,1555.0,1074.0,11.9,54.0,0.7502,3,20
3,2004-03-10,21.00.00,2.2,1376.0,80.0,9.2,948.0,172.0,1092.0,122.0,1584.0,1203.0,11.0,60.0,0.7867,3,21
4,2004-03-10,22.00.00,1.6,1272.0,51.0,6.5,836.0,131.0,1205.0,116.0,1490.0,1110.0,11.2,59.6,0.7888,3,22
5,2004-03-10,23.00.00,1.2,1197.0,38.0,4.7,750.0,89.0,1337.0,96.0,1393.0,949.0,11.2,59.2,0.7848,3,23
6,2004-03-11,00.00.00,1.2,1185.0,31.0,3.6,690.0,62.0,1462.0,77.0,1333.0,733.0,11.3,56.8,0.7603,3,0
7,2004-03-11,01.00.00,1.0,1136.0,31.0,3.3,672.0,62.0,1453.0,76.0,1333.0,730.0,10.7,60.0,0.7702,3,1
8,2004-03-11,02.00.00,0.9,1094.0,24.0,2.3,609.0,45.0,1579.0,60.0,1276.0,620.0,10.7,59.7,0.7648,3,2
10,2004-03-11,04.00.00,-200.0,1011.0,14.0,1.3,527.0,21.0,1818.0,34.0,1197.0,445.0,10.1,60.5,0.7465,3,4
11,2004-03-11,05.00.00,0.7,1066.0,8.0,1.1,512.0,16.0,1918.0,28.0,1182.0,422.0,11.0,56.2,0.7366,3,5
12,2004-03-11,06.00.00,0.7,1052.0,16.0,1.6,553.0,34.0,1738.0,48.0,1221.0,472.0,10.5,58.1,0.7353,3,6
13,2004-03-11,07.00.00,1.1,1144.0,29.0,3.2,667.0,98.0,1490.0,82.0,1339.0,730.0,10.2,59.6,0.7417,3,7
14,2004-03-11,08.00.00,2.0,1333.0,64.0,8.0,900.0,174.0,1136.0,112.0,1517.0,1102.0,10.8,57.4,0.7408,3,8
15,2004-03-11,09.00.00,2.2,1351.0,87.0,9.5,960.0,129.0,1079.0,101.0,1583.0,1028.0,10.5,60.6,0.7691,3,9
16,2004-03-11,10.00.00,1.7,1233.0,77.0,6.3,827.0,112.0,1218.0,98.0,1446.0,860.0,10.8,58.4,0.7552,3,10
17,2004-03-11,11.00.00,1.5,1179.0,43.0,5.0,762.0,95.0,1328.0,92.0,1362.0,671.0,10.5,57.9,0.7352,3,11
18,2004-03-11,12.00.00,1.6,1236.0,61.0,5.2,774.0,104.0,1301.0,95.0,1401.0,664.0,9.5,66.8,0.7951,3,12
19,2004-03-11,13.00.00,1.9,1286.0,63.0,7.3,869.0,146.0,1162.0,112.0,1537.0,799.0,8.3,76.4,0.8393,3,13
20,2004-03-11,14.00.00,2.9,1371.0,164.0,11.5,1034.0,207.0,983.0,128.0,1730.0,1037.0,8.0,81.1,0.8736,3,14
21,2004-03-11,15.00.00,2.2,1310.0,79.0,8.8,933.0,184.0,1082.0,126.0,1647.0,946.0,8.3,79.8,0.8778,3,15
22,2004-03-11,16.00.00,2.2,1292.0,95.0,8.3,912.0,193.0,1103.0,131.0,1591.0,957.0,9.7,71.2,0.8569,3,16
23,2004-03-11,17.00.00,2.9,1383.0,150.0,11.2,1020.0,243.0,1008.0,135.0,1719.0,1104.0,9.8,67.6,0.8185,3,17
24,2004-03-11,18.00.00,4.8,1581.0,307.0,20.8,1319.0,281.0,799.0,151.0,2083.0,1409.0,10.3,64.2,0.8065,3,18
25,2004-03-11,19.00.00,6.9,1776.0,461.0,27.4,1488.0,383.0,702.0,172.0,2333.0,1704.0,9.7,69.3,0.8319,3,19
26,2004-03-11,20.00.00,6.1,1640.0,401.0,24.0,1404.0,351.0,743.0,165.0,2191.0,1654.0,9.6,67.8,0.8133,3,20
27,2004-03-11,21.00.00,3.9,1313.0,197.0,12.8,1076.0,240.0,957.0,136.0,1707.0,1285.0,9.1,64.0,0.7419,3,21
28,2004-03-11,22.00.00,1.5,965.0,61.0,4.7,749.0,94.0,1325.0,85.0,1333.0,821.0,8.2,63.4,0.6905,3,22
29,2004-03-11,23.00.00,1.0,913.0,26.0,2.6,629.0,47.0,1565.0,53.0,1252.0,552.0,8.2,60.8,0.6657,3,23
30,2004-03-12,00.00.00,1.7,1080.0,55.0,5.9,805.0,122.0,1254.0,97.0,1375.0,816.0,8.3,58.5,0.6438,3,0
31,2004-03-12,01.00.00,1.9,1044.0,53.0,6.4,829.0,133.0,1247.0,110.0,1378.0,832.0,7.7,59.7,0.6308,3,1
32,2004-03-12,02.00.00,1.4,988.0,40.0,4.1,718.0,82.0,1396.0,91.0,1304.0,692.0,7.1,61.8,0.6276,3,2
34,2004-03-12,04.00.00,-200.0,831.0,10.0,1.1,506.0,21.0,1893.0,32.0,1134.0,384.0,6.1,65.9,0.6248,3,4
35,2004-03-12,05.00.00,0.6,847.0,7.0,1.0,501.0,30.0,1895.0,44.0,1155.0,394.0,6.3,65.0,0.6233,3,5
36,2004-03-12,06.00.00,0.8,927.0,17.0,1.8,571.0,56.0,1685.0,71.0,1223.0,487.0,6.8,62.9,0.6234,3,6
37,2004-03-12,07.00.00,1.4,1091.0,33.0,4.4,730.0,109.0,1387.0,104.0,1361.0,748.0,6.4,65.1,0.6316,3,7
38,2004-03-12,08.00.00,4.4,1587.0,202.0,17.9,1236.0,307.0,897.0,141.0,1900.0,1400.0,7.3,63.1,0.6499,3,8
40,2004-03-12,10.00.00,3.1,1350.0,208.0,14.0,1118.0,187.0,912.0,122.0,1712.0,1237.0,13.2,41.7,0.632,3,10
41,2004-03-12,11.00.00,2.7,1263.0,166.0,11.6,1037.0,216.0,969.0,143.0,1598.0,1167.0,14.3,38.4,0.6243,3,11
42,2004-03-12,12.00.00,2.1,1206.0,114.0,10.2,986.0,143.0,1035.0,113.0,1537.0,959.0,15.0,36.5,0.6195,3,12
43,2004-03-12,13.00.00,2.5,1252.0,140.0,11.0,1016.0,160.0,1008.0,116.0,1593.0,983.0,16.1,34.5,0.6262,3,13
44,2004-03-12,14.00.00,2.7,1287.0,169.0,12.8,1078.0,163.0,949.0,123.0,1660.0,1061.0,16.3,35.7,0.656,3,14
45,2004-03-12,15.00.00,2.9,1353.0,185.0,14.2,1122.0,190.0,922.0,126.0,1740.0,1139.0,15.8,37.0,0.661,3,15
46,2004-03-12,16.00.00,2.8,1309.0,165.0,12.7,1073.0,178.0,954.0,120.0,1657.0,1112.0,15.9,37.2,0.6657,3,16
47,2004-03-12,17.00.00,2.4,1274.0,133.0,11.7,1041.0,150.0,1006.0,119.0,1610.0,994.0,16.9,34.3,0.6549,3,17
48,2004-03-12,18.00.00,3.9,1510.0,233.0,19.3,1277.0,206.0,812.0,149.0,1910.0,1410.0,15.1,39.6,0.6766,3,18
49,2004-03-12,19.00.00,3.7,1525.0,242.0,18.2,1246.0,202.0,821.0,145.0,1847.0,1448.0,14.4,43.4,0.7084,3,19
50,2004-03-12,20.00.00,6.6,1843.0,488.0,32.6,1610.0,340.0,624.0,170.0,2390.0,1887.0,12.9,50.5,0.7478,3,20
51,2004-03-12,21.00.00,4.4,1598.0,333.0,20.1,1299.0,274.0,752.0,149.0,1941.0,1627.0,12.1,53.3,0.7536,3,21
52,2004-03-12,22.00.00,3.5,1484.0,215.0,14.3,1127.0,253.0,839.0,139.0,1723.0,1491.0,11.0,59.1,0.774,3,22
53,2004-03-12,23.00.00,5.4,1677.0,367.0,21.8,1346.0,300.0,741.0,134.0,2062.0,1657.0,9.7,64.6,0.7771,3,23
54,2004-03-13,00.00.00,2.7,1280.0,122.0,9.6,964.0,193.0,963.0,113.0,1544.0,1285.0,9.5,64.1,0.7597,3,0
55,2004-03-13,01.00.00,1.9,1196.0,67.0,7.4,873.0,139.0,1071.0,97.0,1463.0,1144.0,9.1,63.9,0.7423,3,1
56,2004-03-13,02.00.00,1.6,1184.0,43.0,5.4,782.0,83.0,1176.0,82.0,1365.0,1043.0,8.8,63.9,0.7256,3,2
58,2004-03-13,04.00.00,-200.0,1147.0,56.0,6.2,821.0,109.0,1132.0,83.0,1412.0,992.0,7.0,71.1,0.7158,3,4
59,2004-03-13,05.00.00,1.0,978.0,30.0,2.6,625.0,62.0,1420.0,65.0,1274.0,819.0,8.3,63.6,0.6982,3,5
60,2004-03-13,06.00.00,1.2,1100.0,27.0,2.9,646.0,53.0,1406.0,60.0,1268.0,835.0,7.2,67.5,0.6887,3,6
61,2004-03-13,07.00.00,1.5,1112.0,47.0,5.1,770.0,139.0,1228.0,77.0,1409.0,940.0,6.3,71.9,0.6932,3,7
62,2004-03-13,08.00.00,2.7,1336.0,132.0,11.8,1043.0,256.0,935.0,96.0,1678.0,1192.0,6.5,71.6,0.6945,3,8
63,2004-03-13,09.00.00,3.7,1408.0,239.0,15.1,1153.0,295.0,830.0,119.0,1777.0,1411.0,9.6,59.7,0.7124,3,9
64,2004-03-13,10.00.00,3.2,1447.0,160.0,12.9,1081.0,250.0,869.0,126.0,1667.0,1465.0,12.4,51.2,0.7335,3,10
65,2004-03-13,11.00.00,4.1,1542.0,283.0,16.1,1184.0,296.0,808.0,158.0,1780.0,1583.0,15.6,42.2,0.7451,3,11
66,2004-03-13,12.00.00,3.6,1451.0,210.0,14.0,1117.0,239.0,875.0,161.0,1679.0,1387.0,18.4,33.8,0.709,3,12
67,2004-03-13,13.00.00,2.8,1328.0,154.0,12.3,1059.0,153.0,987.0,124.0,1600.0,1101.0,19.4,31.3,0.695,3,13
68,2004-03-13,14.00.00,2.0,1207.0,112.0,8.6,924.0,118.0,1088.0,102.0,1488.0,850.0,18.0,34.8,0.7127,3,14
69,2004-03-13,15.00.00,2.0,1240.0,108.0,9.2,947.0,119.0,1049.0,116.0,1532.0,947.0,18.4,33.6,0.7042,3,15
70,2004-03-13,16.00.00,2.5,1306.0,111.0,10.2,987.0,138.0,1004.0,124.0,1554.0,1078.0,17.6,35.1,0.7012,3,16
71,2004-03-13,17.00.00,2.3,1326.0,97.0,10.6,1000.0,148.0,976.0,125.0,1602.0,1084.0,16.7,37.8,0.7117,3,17
72,2004-03-13,18.00.00,3.2,1473.0,191.0,15.5,1163.0,227.0,831.0,148.0,1779.0,1395.0,16.1,41.0,0.7451,3,18
73,2004-03-13,19.00.00,4.2,1609.0,258.0,19.6,1286.0,277.0,758.0,165.0,1922.0,1612.0,15.8,42.4,0.7569,3,19
74,2004-03-13,20.00.00,4.2,1611.0,284.0,19.2,1274.0,279.0,754.0,161.0,1915.0,1697.0,15.7,44.1,0.7786,3,20
75,2004-03-13,21.00.00,4.2,1621.0,269.0,18.3,1247.0,283.0,762.0,159.0,1860.0,1886.0,15.3,46.8,0.8091,3,21
76,2004-03-13,22.00.00,3.1,1444.0,180.0,13.1,1089.0,214.0,844.0,143.0,1748.0,1624.0,14.6,48.6,0.806,3,22
77,2004-03-13,23.00.00,2.6,1418.0,116.0,10.9,1010.0,172.0,892.0,130.0,1603.0,1536.0,14.7,49.3,0.8193,3,23
78,2004-03-14,00.00.00,2.9,1534.0,93.0,11.0,1013.0,190.0,889.0,129.0,1611.0,1535.0,13.9,53.6,0.8498,3,0
79,2004-03-14,01.00.00,2.8,1484.0,131.0,11.9,1045.0,174.0,880.0,119.0,1624.0,1530.0,14.6,51.5,0.8536,3,1
80,2004-03-14,02.00.00,2.5,1367.0,92.0,8.6,925.0,128.0,953.0,104.0,1543.0,1337.0,12.5,58.9,0.8537,3,2
82,2004-03-14,04.00.00,-200.0,1130.0,56.0,5.2,773.0,70.0,1130.0,82.0,1452.0,1051.0,12.1,61.1,0.8603,3,4
83,2004-03-14,05.00.00,1.2,1062.0,32.0,3.7,691.0,53.0,1272.0,70.0,1377.0,929.0,11.5,63.1,0.8533,3,5
84,2004-03-14,06.00.00,1.0,1076.0,29.0,2.5,618.0,44.0,1395.0,63.0,1333.0,872.0,11.6,62.2,0.8473,3,6
85,2004-03-14,07.00.00,0.9,1028.0,27.0,2.4,615.0,74.0,1384.0,67.0,1340.0,853.0,10.4,67.6,0.853,3,7
86,2004-03-14,08.00.00,1.4,1155.0,36.0,4.2,722.0,101.0,1225.0,84.0,1414.0,959.0,11.6,62.7,0.853,3,8
87,2004-03-14,09.00.00,1.6,1235.0,57.0,6.4,828.0,118.0,1055.0,83.0,1527.0,1093.0,12.4,60.0,0.8627,3,9
88,2004-03-14,10.00.00,2.2,1332.0,129.0,8.6,923.0,144.0,952.0,98.0,1614.0,1225.0,14.5,53.1,0.8728,3,10
89,2004-03-14,11.00.00,2.8,1445.0,148.0,10.9,1009.0,176.0,878.0,114.0,1696.0,1355.0,16.9,46.1,0.8789,3,11
90,2004-03-14,12.00.00,2.8,1416.0,145.0,10.7,1002.0,161.0,907.0,119.0,1677.0,1262.0,19.3,38.3,0.8474,3,12
91,2004-03-14,13.00.00,2.0,1281.0,93.0,7.5,880.0,113.0,1084.0,104.0,1525.0,980.0,21.2,31.4,0.7812,3,13
92,2004-03-14,14.00.00,1.8,1207.0,84.0,7.5,879.0,103.0,1104.0,102.0,1490.0,872.0,21.4,30.2,0.7616,3,14
93,2004-03-14,15.00.00,1.9,1258.0,99.0,8.2,906.0,112.0,1081.0,107.0,1511.0,900.0,21.9,29.0,0.7525,3,15
94,2004-03-14,16.00.00,3.0,1458.0,150.0,11.9,1045.0,170.0,974.0,129.0,1646.0,1099.0,22.2,28.4,0.7516,3,16
95,2004-03-14,17.00.00,2.9,1438.0,156.0,12.0,1051.0,180.0,943.0,128.0,1668.0,1206.0,21.3,30.8,0.7696,3,17
96,2004-03-14,18.00.00,2.5,1478.0,122.0,12.2,1055.0,160.0,929.0,121.0,1671.0,1262.0,19.7,36.7,0.8307,3,18
97,2004-03-14,19.00.00,4.6,1808.0,262.0,20.6,1312.0,261.0,753.0,157.0,1993.0,1698.0,18.4,41.7,0.8732,3,19
98,2004-03-14,20.00.00,5.9,1898.0,341.0,23.1,1381.0,325.0,681.0,173.0,2103.0,1905.0,17.6,46.1,0.921,3,20
99,2004-03-14,21.00.00,3.4,1560.0,214.0,14.7,1140.0,217.0,784.0,146.0,1818.0,1648.0,16.7,49.6,0.932,3,21
100,2004-03-14,22.00.00,2.1,1324.0,100.0,9.0,940.0,146.0,924.0,121.0,1587.0,1423.0,16.3,51.0,0.9341,3,22
101,2004-03-14,23.00.00,2.2,1349.0,79.0,8.8,933.0,152.0,933.0,119.0,1617.0,1349.0,14.7,55.9,0.9314,3,23
102,2004-03-15,00.00.00,1.8,1239.0,66.0,7.4,872.0,104.0,985.0,99.0,1547.0,1250.0,14.8,54.7,0.9164,3,0
103,2004-03-15,01.00.00,1.8,1239.0,73.0,6.9,853.0,106.0,1010.0,93.0,1543.0,1174.0,14.0,57.0,0.9094,3,1
104,2004-03-15,02.00.00,1.8,1224.0,66.0,7.0,855.0,108.0,998.0,88.0,1566.0,1149.0,13.4,61.3,0.9361,3,2
106,2004-03-15,04.00.00,-200.0,1078.0,44.0,4.0,711.0,66.0,1150.0,71.0,1468.0,1013.0,12.3,65.4,0.9351,3,4
107,2004-03-15,05.00.00,1.0,1075.0,39.0,3.9,703.0,88.0,1156.0,74.0,1464.0,1010.0,11.9,67.4,0.9375,3,5
108,2004-03-15,06.00.00,1.4,1157.0,51.0,6.4,830.0,138.0,1030.0,80.0,1584.0,1083.0,11.4,70.5,0.9475,3,6
109,2004-03-15,07.00.00,2.2,1314.0,107.0,9.7,966.0,228.0,897.0,89.0,1710.0,1235.0,11.3,70.2,0.9401,3,7
110,2004-03-15,08.00.00,5.5,1797.0,336.0,25.9,1451.0,360.0,652.0,114.0,2323.0,1680.0,12.4,63.9,0.917,3,8
111,2004-03-15,09.00.00,8.1,1961.0,618.0,36.7,1701.0,478.0,537.0,149.0,2665.0,2184.0,14.8,54.3,0.9076,3,9
112,2004-03-15,10.00.00,5.8,1771.0,438.0,26.6,1470.0,394.0,622.0,157.0,2262.0,1973.0,17.4,45.6,0.8993,3,10
113,2004-03-15,11.00.00,4.2,1564.0,334.0,20.1,1300.0,319.0,710.0,155.0,2029.0,1798.0,19.8,38.5,0.8801,3,11
114,2004-03-15,12.00.00,3.1,1430.0,221.0,14.1,1120.0,201.0,831.0,134.0,1783.0,1522.0,22.0,34.1,0.8904,3,12
115,2004-03-15,13.00.00,2.9,1417.0,207.0,14.9,1146.0,171.0,830.0,119.0,1831.0,1404.0,23.3,32.2,0.9096,3,13
116,2004-03-15,14.00.00,2.9,1400.0,191.0,15.4,1162.0,159.0,838.0,111.0,1829.0,1263.0,23.9,30.0,0.8757,3,14
117,2004-03-15,15.00.00,2.5,1317.0,185.0,12.1,1053.0,153.0,926.0,104.0,1707.0,1137.0,24.4,28.9,0.8736,3,15
118,2004-03-15,16.00.00,2.3,1318.0,141.0,11.5,1033.0,143.0,950.0,99.0,1675.0,1068.0,24.4,29.4,0.8848,3,16
119,2004-03-15,17.00.00,2.8,1445.0,214.0,14.8,1141.0,156.0,857.0,110.0,1824.0,1252.0,23.8,31.3,0.9137,3,17
120,2004-03-15,18.00.00,6.1,1917.0,471.0,32.1,1601.0,314.0,631.0,162.0,2447.0,1843.0,22.5,35.4,0.9547,3,18
121,2004-03-15,19.00.00,8.0,2040.0,685.0,39.2,1754.0,404.0,542.0,187.0,2679.0,2122.0,20.4,42.5,1.0086,3,19
122,2004-03-15,20.00.00,6.5,1895.0,538.0,31.0,1573.0,320.0,565.0,165.0,2443.0,1992.0,18.3,52.6,1.0945,3,20
123,2004-03-15,21.00.00,4.2,1595.0,319.0,19.9,1294.0,256.0,678.0,145.0,2058.0,1707.0,16.7,57.4,1.0786,3,21
124,2004-03-15,22.00.00,3.2,1439.0,224.0,15.3,1159.0,193.0,764.0,125.0,1856.0,1494.0,15.7,60.2,1.0654,3,22
125,2004-03-15,23.00.00,1.4,1142.0,67.0,6.9,852.0,89.0,1008.0,101.0,1547.0,1164.0,15.3,61.4,1.058,3,23
126,2004-03-16,00.00.00,2.1,1304.0,155.0,11.1,1019.0,127.0,852.0,103.0,1731.0,1272.0,14.1,65.7,1.0494,3,0
127,2004-03-16,01.00.00,1.2,1074.0,49.0,5.4,784.0,79.0,1098.0,88.0,1483.0,1040.0,14.8,60.6,1.0148,3,1
128,2004-03-16,02.00.00,0.8,968.0,29.0,2.8,640.0,43.0,1320.0,61.0,1386.0,867.0,14.8,59.2,0.9879,3,2
130,2004-03-16,04.00.00,-200.0,941.0,25.0,2.6,626.0,59.0,1316.0,59.0,1373.0,840.0,12.3,66.2,0.945,3,4
131,2004-03-16,05.00.00,0.6,937.0,17.0,2.0,585.0,38.0,1412.0,52.0,1348.0,793.0,12.8,63.2,0.9283,3,5
132,2004-03-16,06.00.00,0.9,1017.0,27.0,3.5,681.0,82.0,1246.0,64.0,1418.0,870.0,11.2,68.5,0.9081,3,6
133,2004-03-16,07.00.00,1.3,1171.0,50.0,5.1,770.0,99.0,1162.0,70.0,1467.0,930.0,11.0,66.5,0.8705,3,7
134,2004-03-16,08.00.00,3.4,1541.0,218.0,16.2,1185.0,263.0,770.0,97.0,1889.0,1407.0,11.7,63.7,0.8719,3,8
135,2004-03-16,09.00.00,3.7,1539.0,285.0,19.7,1287.0,229.0,698.0,95.0,2055.0,1507.0,13.6,56.3,0.8743,3,9
136,2004-03-16,10.00.00,5.3,1735.0,437.0,25.1,1431.0,396.0,628.0,150.0,2211.0,1843.0,17.8,42.9,0.8672,3,10
137,2004-03-16,11.00.00,4.1,1571.0,327.0,20.0,1297.0,314.0,730.0,162.0,1973.0,1729.0,21.4,33.3,0.8417,3,11
138,2004-03-16,12.00.00,3.3,1452.0,283.0,18.3,1250.0,217.0,776.0,154.0,1868.0,1583.0,24.4,27.4,0.8231,3,12
139,2004-03-16,13.00.00,4.0,1579.0,366.0,22.3,1359.0,252.0,724.0,161.0,1998.0,1671.0,25.3,26.1,0.8264,3,13
140,2004-03-16,14.00.00,3.8,1466.0,318.0,20.4,1309.0,263.0,773.0,161.0,1897.0,1491.0,25.8,23.2,0.7589,3,14
141,2004-03-16,15.00.00,2.8,1280.0,228.0,14.6,1136.0,180.0,893.0,128.0,1675.0,1240.0,27.0,20.2,0.7094,3,15
142,2004-03-16,16.00.00,2.9,1407.0,201.0,16.6,1197.0,184.0,905.0,129.0,1759.0,1313.0,28.2,18.6,0.7014,3,16
143,2004-03-16,17.00.00,2.9,1389.0,199.0,15.8,1173.0,190.0,898.0,133.0,1739.0,1363.0,28.0,19.1,0.7098,3,17
144,2004-03-16,18.00.00,3.4,1447.0,237.0,17.8,1235.0,184.0,859.0,139.0,1778.0,1296.0,23.9,25.7,0.7519,3,18
145,2004-03-16,19.00.00,3.9,1551.0,261.0,19.1,1271.0,181.0,800.0,137.0,1875.0,1432.0,21.3,34.8,0.873,3,19
146,2004-03-16,20.00.00,3.2,1474.0,230.0,15.8,1173.0,166.0,854.0,143.0,1776.0,1432.0,20.4,36.7,0.8704,3,20
147,2004-03-16,21.00.00,5.1,1800.0,349.0,24.9,1426.0,317.0,700.0,177.0,2106.0,2034.0,19.0,41.3,0.9007,3,21
148,2004-03-16,22.00.00,2.6,1379.0,183.0,13.5,1101.0,184.0,818.0,138.0,1710.0,1602.0,17.9,45.9,0.9342,3,22
149,2004-03-16,23.00.00,1.7,1201.0,88.0,9.1,943.0,130.0,935.0,117.0,1560.0,1362.0,16.7,48.9,0.9226,3,23
150,2004-03-17,00.00.00,1.7,1205.0,85.0,8.6,925.0,132.0,922.0,107.0,1547.0,1314.0,15.5,52.9,0.9271,3,0
151,2004-03-17,01.00.00,1.2,1072.0,47.0,5.4,784.0,95.0,1066.0,90.0,1442.0,1114.0,15.5,51.9,0.9059,3,1
152,2004-03-17,02.00.00,0.9,998.0,34.0,4.1,714.0,70.0,1169.0,79.0,1383.0,992.0,14.1,55.6,0.891,3,2
154,2004-03-17,04.00.00,-200.0,883.0,17.0,1.9,577.0,54.0,1396.0,60.0,1303.0,808.0,12.7,57.9,0.8447,3,4
155,2004-03-17,05.00.00,0.5,869.0,11.0,1.6,554.0,28.0,1460.0,40.0,1268.0,667.0,11.8,58.0,0.8026,3,5
156,2004-03-17,06.00.00,0.5,891.0,18.0,1.9,576.0,46.0,1417.0,53.0,1289.0,733.0,11.9,57.4,0.7978,3,6
157,2004-03-17,07.00.00,1.6,1173.0,84.0,7.5,878.0,160.0,1038.0,84.0,1556.0,1052.0,9.9,65.2,0.7956,3,7
158,2004-03-17,08.00.00,4.1,1587.0,260.0,21.4,1334.0,320.0,702.0,108.0,1999.0,1534.0,11.1,60.2,0.7958,3,8
159,2004-03-17,09.00.00,6.6,1852.0,534.0,36.4,1696.0,377.0,553.0,127.0,2535.0,1931.0,14.1,50.0,0.802,3,9
160,2004-03-17,10.00.00,4.3,1522.0,368.0,21.3,1331.0,280.0,703.0,134.0,2026.0,1734.0,17.7,40.1,0.8048,3,10
161,2004-03-17,11.00.00,2.9,1438.0,200.0,15.4,1161.0,221.0,819.0,135.0,1782.0,1595.0,21.1,33.4,0.8265,3,11
162,2004-03-17,12.00.00,2.5,1393.0,145.0,12.5,1067.0,210.0,905.0,142.0,1654.0,1490.0,24.3,28.3,0.8471,3,12
163,2004-03-17,13.00.00,2.8,1452.0,188.0,15.1,1152.0,204.0,861.0,153.0,1747.0,1508.0,25.6,25.6,0.8254,3,13
164,2004-03-17,14.00.00,2.6,1389.0,152.0,13.7,1108.0,161.0,887.0,123.0,1712.0,1334.0,25.9,25.9,0.8503,3,14
165,2004-03-17,15.00.00,2.0,1207.0,103.0,10.4,994.0,135.0,1013.0,104.0,1520.0,1045.0,26.8,18.7,0.65,3,15
166,2004-03-17,16.00.00,2.9,1365.0,193.0,15.2,1154.0,186.0,940.0,129.0,1679.0,1221.0,29.3,15.8,0.6309,3,16
167,2004-03-17,17.00.00,2.5,1247.0,134.0,12.3,1060.0,147.0,1032.0,114.0,1525.0,1069.0,28.5,14.9,0.5708,3,17
168,2004-03-17,18.00.00,5.0,1557.0,386.0,27.0,1478.0,299.0,793.0,158.0,1981.0,1569.0,25.9,16.0,0.5237,3,18
169,2004-03-17,19.00.00,7.6,1973.0,577.0,38.4,1737.0,411.0,617.0,194.0,2414.0,2306.0,23.1,26.5,0.7403,3,19
170,2004-03-17,20.00.00,6.7,1975.0,523.0,35.1,1667.0,347.0,597.0,182.0,2416.0,2359.0,20.5,38.2,0.9133,3,20
171,2004-03-17,21.00.00,5.7,1795.0,472.0,27.2,1485.0,336.0,653.0,180.0,2174.0,2050.0,19.1,42.6,0.9294,3,21
172,2004-03-17,22.00.00,2.8,1444.0,206.0,15.0,1150.0,202.0,770.0,136.0,1727.0,1727.0,17.2,44.1,0.8558,3,22
173,2004-03-17,23.00.00,2.6,1488.0,216.0,15.7,1171.0,178.0,731.0,127.0,1778.0,1705.0,16.0,50.9,0.9206,3,23
174,2004-03-18,00.00.00,2.3,1371.0,159.0,13.0,1083.0,154.0,796.0,116.0,1669.0,1551.0,14.8,53.9,0.9024,3,0
175,2004-03-18,01.00.00,1.4,1161.0,70.0,8.1,904.0,92.0,947.0,107.0,1502.0,1240.0,14.3,55.4,0.8975,3,1
176,2004-03-18,02.00.00,1.0,1064.0,44.0,5.5,787.0,61.0,1057.0,88.0,1407.0,1115.0,14.8,52.1,0.8686,3,2
178,2004-03-18,04.00.00,-200.0,954.0,28.0,2.9,645.0,60.0,1260.0,78.0,1334.0,925.0,11.6,61.9,0.8442,3,4
179,2004-03-18,05.00.00,0.6,931.0,20.0,2.5,623.0,37.0,1293.0,57.0,1307.0,828.0,12.0,58.9,0.8233,3,5
180,2004-03-18,06.00.00,0.7,938.0,26.0,3.0,650.0,68.0,1251.0,71.0,1333.0,893.0,10.9,62.1,0.8113,3,6
181,2004-03-18,07.00.00,1.5,1166.0,78.0,7.7,885.0,139.0,1005.0,85.0,1551.0,1075.0,10.6,63.3,0.8067,3,7
182,2004-03-18,08.00.00,4.7,1643.0,319.0,23.3,1384.0,339.0,667.0,124.0,2094.0,1610.0,11.5,60.0,0.8117,3,8
183,2004-03-18,09.00.00,6.6,1934.0,506.0,35.8,1682.0,421.0,541.0,151.0,2468.0,2051.0,14.3,50.6,0.8186,3,9
286,2004-03-22,16.00.00,2.3,1076.0,451.0,11.6,1034.0,150.0,964.0,101.0,1544.0,813.0,21.3,24.2,0.606,3,16
287,2004-03-22,17.00.00,2.6,1152.0,185.0,12.4,1062.0,138.0,928.0,103.0,1606.0,850.0,20.2,28.5,0.6682,3,17
288,2004-03-22,18.00.00,3.8,1407.0,426.0,18.3,1249.0,213.0,720.0,129.0,1932.0,1276.0,17.0,43.1,0.8264,3,18
289,2004-03-22,19.00.00,4.4,1438.0,672.0,21.0,1325.0,232.0,678.0,143.0,1993.0,1401.0,15.6,47.4,0.8347,3,19
290,2004-03-22,20.00.00,4.5,1425.0,624.0,21.0,1325.0,238.0,678.0,146.0,1965.0,1356.0,15.3,47.4,0.8178,3,20
291,2004-03-22,21.00.00,3.3,1279.0,325.0,14.5,1131.0,180.0,775.0,124.0,1758.0,1243.0,14.5,49.7,0.8177,3,21
292,2004-03-22,22.00.00,2.0,1132.0,143.0,8.4,916.0,128.0,920.0,113.0,1561.0,1083.0,13.9,52.0,0.8231,3,22
293,2004-03-22,23.00.00,1.1,1006.0,89.0,4.3,729.0,65.0,1142.0,80.0,1370.0,795.0,14.5,49.4,0.8106,3,23
294,2004-03-23,00.00.00,0.9,982.0,73.0,3.8,700.0,53.0,1204.0,72.0,1359.0,735.0,13.8,51.4,0.8071,3,0
295,2004-03-23,01.00.00,0.8,969.0,48.0,2.7,636.0,47.0,1271.0,64.0,1309.0,684.0,14.0,51.3,0.8163,3,1
296,2004-03-23,02.00.00,0.7,941.0,47.0,2.5,621.0,51.0,1298.0,70.0,1330.0,714.0,13.0,56.8,0.8444,3,2
298,2004-03-23,04.00.00,-200.0,855.0,25.0,0.8,478.0,20.0,1701.0,31.0,1261.0,401.0,10.1,76.8,0.9483,3,4
299,2004-03-23,05.00.00,0.3,834.0,19.0,0.6,459.0,13.0,1908.0,22.0,1212.0,361.0,8.8,80.5,0.9147,3,5
300,2004-03-23,06.00.00,0.5,909.0,26.0,1.8,567.0,33.0,1542.0,47.0,1287.0,418.0,9.6,75.4,0.9004,3,6
301,2004-03-23,07.00.00,1.1,1061.0,60.0,4.6,745.0,103.0,1178.0,88.0,1429.0,616.0,9.8,75.0,0.9093,3,7
302,2004-03-23,08.00.00,3.0,1441.0,248.0,14.2,1124.0,224.0,851.0,130.0,1829.0,1089.0,10.0,74.2,0.9117,3,8
303,2004-03-23,09.00.00,3.8,1498.0,535.0,21.0,1325.0,244.0,684.0,132.0,2095.0,1329.0,11.2,69.7,0.9232,3,9
304,2004-03-23,10.00.00,3.4,1343.0,340.0,16.2,1185.0,237.0,760.0,132.0,1857.0,1311.0,12.0,62.9,0.8803,3,10
305,2004-03-23,11.00.00,3.0,1308.0,325.0,15.5,1166.0,220.0,792.0,131.0,1794.0,1236.0,12.8,55.8,0.821,3,11
306,2004-03-23,12.00.00,2.7,1209.0,267.0,13.4,1097.0,207.0,837.0,129.0,1746.0,1147.0,13.1,54.8,0.8234,3,12
307,2004-03-23,13.00.00,3.5,1310.0,325.0,16.9,1207.0,208.0,770.0,132.0,1847.0,1301.0,13.8,53.4,0.8351,3,13
308,2004-03-23,14.00.00,2.8,1171.0,268.0,12.4,1064.0,160.0,881.0,110.0,1639.0,1097.0,16.0,42.4,0.7674,3,14
309,2004-03-23,15.00.00,1.9,1112.0,136.0,10.1,980.0,131.0,924.0,99.0,1589.0,900.0,14.1,49.8,0.7971,3,15
310,2004-03-23,16.00.00,2.0,1132.0,118.0,8.7,927.0,128.0,944.0,100.0,1570.0,781.0,12.0,61.1,0.8537,3,16
311,2004-03-23,17.00.00,3.0,1225.0,276.0,13.8,1111.0,176.0,818.0,122.0,1719.0,1013.0,13.6,54.6,0.8465,3,17
312,2004-03-23,18.00.00,1.9,1065.0,151.0,9.3,953.0,107.0,962.0,97.0,1514.0,790.0,13.7,49.5,0.7695,3,18
313,2004-03-23,19.00.00,2.7,1236.0,236.0,13.0,1084.0,131.0,854.0,112.0,1688.0,1059.0,11.7,57.1,0.7822,3,19
314,2004-03-23,20.00.00,3.3,1309.0,220.0,14.3,1126.0,166.0,812.0,128.0,1722.0,1205.0,11.5,58.2,0.7867,3,20
315,2004-03-23,21.00.00,1.7,1089.0,87.0,7.6,884.0,89.0,1006.0,101.0,1487.0,975.0,12.6,54.2,0.7881,3,21
316,2004-03-23,22.00.00,1.3,1000.0,81.0,5.3,776.0,81.0,1141.0,96.0,1375.0,896.0,12.0,54.9,0.7664,3,22
317,2004-03-23,23.00.00,1.3,1041.0,74.0,5.4,782.0,78.0,1105.0,86.0,1425.0,911.0,11.0,61.4,0.8057,3,23
318,2004-03-24,00.00.00,1.2,1045.0,55.0,4.9,756.0,70.0,1137.0,85.0,1411.0,902.0,11.1,62.2,0.8199,3,0
319,2004-03-24,01.00.00,1.1,997.0,74.0,4.6,744.0,76.0,1151.0,79.0,1405.0,832.0,10.8,62.5,0.8082,3,1
320,2004-03-24,02.00.00,0.9,948.0,35.0,2.7,634.0,43.0,1320.0,61.0,1326.0,715.0,11.3,60.0,0.8025,3,2
322,2004-03-24,04.00.00,-200.0,908.0,29.0,1.7,559.0,44.0,1477.0,66.0,1287.0,721.0,10.2,62.7,0.7813,3,4
323,2004-03-24,05.00.00,0.6,892.0,20.0,1.2,522.0,34.0,1572.0,54.0,1255.0,648.0,10.9,58.6,0.7628,3,5
324,2004-03-24,06.00.00,0.8,954.0,32.0,1.7,561.0,43.0,1496.0,57.0,1255.0,612.0,10.8,57.2,0.7382,3,6
325,2004-03-24,07.00.00,1.2,1045.0,84.0,4.8,751.0,79.0,1186.0,75.0,1403.0,800.0,10.4,59.2,0.7455,3,7
326,2004-03-24,08.00.00,3.1,1383.0,245.0,13.8,1109.0,174.0,832.0,97.0,1706.0,1173.0,11.0,57.3,0.7501,3,8
327,2004-03-24,09.00.00,4.4,1597.0,553.0,23.7,1395.0,235.0,652.0,110.0,2080.0,1519.0,11.2,56.9,0.7565,3,9
328,2004-03-24,10.00.00,3.4,1318.0,450.0,14.2,1124.0,218.0,762.0,113.0,1770.0,1287.0,12.1,54.9,0.7734,3,10
329,2004-03-24,11.00.00,1.7,1138.0,118.0,8.0,898.0,136.0,950.0,88.0,1505.0,966.0,15.1,44.3,0.7535,3,11
330,2004-03-24,12.00.00,1.5,1098.0,118.0,6.7,842.0,117.0,1012.0,85.0,1440.0,828.0,15.6,40.6,0.7146,3,12
331,2004-03-24,13.00.00,1.7,1118.0,144.0,8.7,927.0,119.0,959.0,96.0,1477.0,825.0,16.9,34.6,0.6597,3,13
332,2004-03-24,14.00.00,2.2,1170.0,159.0,10.8,1009.0,126.0,879.0,106.0,1566.0,872.0,16.6,35.6,0.6697,3,14
333,2004-03-24,15.00.00,-200.0,1112.0,122.0,6.7,842.0,100.0,1015.0,91.0,1494.0,680.0,11.3,63.9,0.8554,3,15
334,2004-03-24,16.00.00,2.7,1390.0,230.0,11.4,1028.0,197.0,829.0,126.0,1730.0,1002.0,9.6,81.1,0.972,3,16
335,2004-03-24,17.00.00,2.8,1353.0,320.0,13.4,1096.0,195.0,774.0,130.0,1783.0,1159.0,11.7,69.1,0.9497,3,17
336,2004-03-24,18.00.00,2.7,1260.0,263.0,12.0,1050.0,156.0,828.0,111.0,1722.0,979.0,10.7,68.5,0.8794,3,18
337,2004-03-24,19.00.00,4.5,1501.0,556.0,20.2,1302.0,247.0,681.0,134.0,2008.0,1311.0,10.7,67.3,0.8643,3,19
338,2004-03-24,20.00.00,3.5,1273.0,458.0,14.4,1130.0,190.0,795.0,136.0,1744.0,1071.0,10.8,65.7,0.8486,3,20
339,2004-03-24,21.00.00,2.6,1179.0,214.0,9.4,955.0,169.0,928.0,125.0,1571.0,899.0,10.3,66.3,0.8336,3,21
340,2004-03-24,22.00.00,1.7,1047.0,97.0,5.9,809.0,118.0,1064.0,108.0,1435.0,766.0,10.1,66.9,0.8248,3,22
341,2004-03-24,23.00.00,1.3,973.0,79.0,4.5,739.0,81.0,1186.0,87.0,1354.0,589.0,10.4,61.1,0.7717,3,23
342,2004-03-25,00.00.00,1.3,997.0,81.0,4.5,737.0,80.0,1168.0,89.0,1341.0,631.0,10.3,59.9,0.7516,3,0
343,2004-03-25,01.00.00,1.0,970.0,52.0,2.5,621.0,42.0,1400.0,58.0,1249.0,479.0,11.0,58.4,0.7686,3,1
344,2004-03-25,02.00.00,0.7,902.0,38.0,1.8,568.0,38.0,1450.0,54.0,1253.0,479.0,9.1,68.1,0.789,3,2
346,2004-03-25,04.00.00,0.5,858.0,29.0,0.9,490.0,18.0,1707.0,28.0,1212.0,378.0,9.3,72.3,0.8496,3,4
347,2004-03-25,05.00.00,0.5,878.0,21.0,0.6,457.0,12.0,1935.0,20.0,1158.0,344.0,9.9,66.8,0.8152,3,5
348,2004-03-25,06.00.00,0.6,893.0,46.0,1.4,540.0,43.0,1604.0,51.0,1268.0,413.0,7.6,83.2,0.8695,3,6
349,2004-03-25,07.00.00,1.1,1038.0,55.0,3.8,697.0,84.0,1260.0,82.0,1383.0,605.0,8.1,79.0,0.8544,3,7
350,2004-03-25,08.00.00,2.7,1320.0,271.0,11.6,1035.0,184.0,902.0,112.0,1721.0,991.0,8.7,74.6,0.8429,3,8
351,2004-03-25,09.00.00,3.5,1353.0,434.0,17.8,1235.0,202.0,740.0,119.0,1937.0,1175.0,8.6,75.1,0.8415,3,9
352,2004-03-25,10.00.00,2.3,1133.0,300.0,8.8,933.0,133.0,969.0,99.0,1552.0,923.0,9.7,69.7,0.8389,3,10
353,2004-03-25,11.00.00,1.6,1066.0,116.0,6.8,849.0,130.0,1039.0,98.0,1468.0,829.0,11.0,64.4,0.8447,3,11
354,2004-03-25,12.00.00,1.3,1027.0,95.0,5.9,809.0,106.0,1081.0,88.0,1442.0,733.0,13.6,53.0,0.8209,3,12
355,2004-03-25,13.00.00,2.0,1106.0,211.0,8.9,935.0,132.0,958.0,96.0,1570.0,819.0,14.2,48.4,0.778,3,13
356,2004-03-25,14.00.00,1.9,1038.0,168.0,8.2,907.0,106.0,976.0,81.0,1492.0,723.0,14.2,46.3,0.7438,3,14
357,2004-03-25,15.00.00,1.9,1084.0,154.0,8.6,924.0,125.0,986.0,92.0,1501.0,786.0,16.0,41.3,0.7462,3,15
358,2004-03-25,16.00.00,2.2,1105.0,267.0,10.1,982.0,138.0,939.0,105.0,1545.0,850.0,17.7,35.4,0.7094,3,16
359,2004-03-25,17.00.00,2.0,1102.0,143.0,9.4,957.0,120.0,968.0,88.0,1527.0,820.0,17.1,37.4,0.7225,3,17
360,2004-03-25,18.00.00,2.9,1240.0,374.0,14.6,1137.0,158.0,836.0,103.0,1748.0,991.0,14.9,40.5,0.6835,3,18
361,2004-03-25,19.00.00,5.2,1443.0,797.0,24.6,1418.0,253.0,666.0,141.0,2060.0,1454.0,13.4,47.8,0.7293,3,19
362,2004-03-25,20.00.00,4.6,1389.0,698.0,21.6,1341.0,231.0,692.0,133.0,1982.0,1488.0,12.6,52.5,0.7642,3,20
363,2004-03-25,21.00.00,2.5,1183.0,234.0,10.3,989.0,150.0,904.0,119.0,1539.0,1205.0,12.2,53.2,0.7555,3,21
364,2004-03-25,22.00.00,1.5,1014.0,104.0,5.7,798.0,99.0,1083.0,106.0,1376.0,909.0,10.6,56.1,0.714,3,22
365,2004-03-25,23.00.00,1.2,979.0,67.0,4.5,736.0,75.0,1154.0,92.0,1324.0,769.0,9.9,59.5,0.7276,3,23
366,2004-03-26,00.00.00,1.7,1048.0,88.0,5.5,787.0,93.0,1098.0,97.0,1373.0,835.0,9.6,61.1,0.7323,3,0
367,2004-03-26,01.00.00,1.4,1024.0,79.0,4.8,753.0,79.0,1131.0,91.0,1357.0,793.0,9.7,61.6,0.7425,3,1
368,2004-03-26,02.00.00,1.2,974.0,61.0,3.6,690.0,67.0,1208.0,83.0,1313.0,733.0,9.4,62.6,0.7398,3,2
370,2004-03-26,04.00.00,0.7,925.0,40.0,2.2,602.0,45.0,1398.0,59.0,1263.0,562.0,8.0,69.4,0.7459,3,4
371,2004-03-26,05.00.00,0.8,952.0,52.0,3.0,654.0,72.0,1210.0,73.0,1312.0,832.0,7.7,72.4,0.7655,3,5
372,2004-03-26,06.00.00,0.9,1005.0,64.0,4.0,713.0,103.0,1130.0,78.0,1363.0,924.0,8.0,71.8,0.7711,3,6
373,2004-03-26,07.00.00,1.6,1122.0,88.0,6.7,842.0,132.0,1015.0,90.0,1438.0,974.0,8.5,66.3,0.7375,3,7
374,2004-03-26,08.00.00,3.4,1351.0,375.0,16.7,1201.0,239.0,783.0,110.0,1828.0,1307.0,9.8,59.6,0.7214,3,8
375,2004-03-26,09.00.00,3.8,1408.0,592.0,19.3,1278.0,275.0,682.0,114.0,1928.0,1481.0,11.2,57.0,0.7544,3,9
376,2004-03-26,10.00.00,3.1,1304.0,357.0,14.8,1142.0,232.0,772.0,119.0,1747.0,1405.0,14.8,44.1,0.7407,3,10
377,2004-03-26,11.00.00,2.7,1207.0,296.0,13.4,1098.0,180.0,826.0,121.0,1664.0,1195.0,16.8,35.3,0.6729,3,11
378,2004-03-26,12.00.00,2.0,1099.0,181.0,11.0,1014.0,112.0,948.0,97.0,1503.0,868.0,19.2,27.1,0.5976,3,12
379,2004-03-26,13.00.00,2.3,1106.0,211.0,12.5,1068.0,116.0,915.0,99.0,1535.0,874.0,19.1,26.2,0.5741,3,13
380,2004-03-26,14.00.00,1.9,1009.0,199.0,8.4,916.0,103.0,1015.0,85.0,1391.0,738.0,16.3,30.8,0.5683,3,14
381,2004-03-26,15.00.00,1.3,962.0,81.0,5.3,776.0,89.0,1152.0,75.0,1279.0,550.0,14.2,36.8,0.5922,3,15
382,2004-03-26,16.00.00,1.9,1093.0,143.0,8.8,933.0,112.0,976.0,87.0,1454.0,777.0,13.4,41.0,0.6292,3,16
383,2004-03-26,17.00.00,2.3,1180.0,247.0,11.2,1023.0,127.0,886.0,102.0,1588.0,966.0,14.2,43.3,0.6982,3,17
384,2004-03-26,18.00.00,2.4,1168.0,239.0,11.6,1037.0,125.0,868.0,105.0,1580.0,990.0,12.1,45.6,0.6403,3,18
385,2004-03-26,19.00.00,2.7,1168.0,267.0,12.4,1063.0,120.0,876.0,98.0,1540.0,944.0,10.4,48.0,0.6046,3,19
386,2004-03-26,20.00.00,2.6,1140.0,261.0,10.6,1000.0,120.0,916.0,93.0,1490.0,962.0,10.0,51.1,0.628,3,20
387,2004-03-26,21.00.00,1.5,1001.0,97.0,6.0,811.0,99.0,1097.0,91.0,1308.0,778.0,9.8,50.8,0.6172,3,21
388,2004-03-26,22.00.00,1.2,953.0,66.0,4.6,743.0,79.0,1185.0,85.0,1252.0,690.0,9.7,50.4,0.6063,3,22
389,2004-03-26,23.00.00,1.1,972.0,60.0,4.1,715.0,66.0,1237.0,74.0,1258.0,644.0,9.9,50.2,0.6103,3,23
390,2004-03-27,00.00.00,1.5,1021.0,77.0,5.2,776.0,94.0,1144.0,87.0,1307.0,753.0,9.4,53.4,0.63,3,0
391,2004-03-27,01.00.00,1.0,940.0,57.0,3.2,664.0,70.0,1290.0,79.0,1232.0,646.0,8.6,57.8,0.6488,3,1
392,2004-03-27,02.00.00,1.2,1046.0,65.0,4.5,736.0,75.0,1142.0,78.0,1312.0,838.0,8.1,62.1,0.6746,3,2
394,2004-03-27,04.00.00,-200.0,983.0,48.0,3.8,698.0,57.0,1209.0,63.0,1296.0,801.0,7.4,64.8,0.6683,3,4
395,2004-03-27,05.00.00,0.8,915.0,27.0,1.9,578.0,32.0,1417.0,48.0,1212.0,665.0,8.2,58.9,0.6444,3,5
396,2004-03-27,06.00.00,0.9,935.0,25.0,2.4,615.0,54.0,1373.0,59.0,1250.0,717.0,6.3,66.6,0.641,3,6
397,2004-03-27,07.00.00,1.1,976.0,42.0,3.3,669.0,68.0,1270.0,65.0,1266.0,795.0,7.2,62.9,0.6396,3,7
398,2004-03-27,08.00.00,1.5,1124.0,78.0,6.7,842.0,98.0,1050.0,71.0,1418.0,936.0,7.2,63.9,0.65,3,8
399,2004-03-27,09.00.00,1.8,1163.0,128.0,8.5,919.0,128.0,922.0,84.0,1530.0,1076.0,11.1,50.5,0.6654,3,9
400,2004-03-27,10.00.00,2.1,1167.0,184.0,9.7,966.0,129.0,942.0,93.0,1520.0,1016.0,15.5,36.1,0.6313,3,10
401,2004-03-27,11.00.00,2.1,1121.0,156.0,9.4,955.0,130.0,992.0,99.0,1451.0,834.0,17.8,29.2,0.592,3,11
402,2004-03-27,12.00.00,1.9,1071.0,176.0,9.0,940.0,111.0,994.0,93.0,1449.0,756.0,17.6,30.1,0.6013,3,12
403,2004-03-27,13.00.00,2.1,1065.0,232.0,10.0,979.0,106.0,950.0,96.0,1467.0,766.0,19.1,26.8,0.5861,3,13
404,2004-03-27,14.00.00,2.5,1157.0,305.0,12.6,1072.0,137.0,888.0,114.0,1596.0,905.0,17.7,28.6,0.5735,3,14
405,2004-03-27,15.00.00,1.9,1046.0,150.0,7.6,883.0,113.0,1051.0,101.0,1357.0,765.0,17.8,28.4,0.5737,3,15
406,2004-03-27,16.00.00,2.2,1147.0,188.0,11.8,1042.0,122.0,934.0,108.0,1538.0,830.0,18.7,26.0,0.5555,3,16
407,2004-03-27,17.00.00,2.3,1119.0,221.0,11.2,1022.0,137.0,916.0,117.0,1508.0,853.0,17.1,31.3,0.6038,3,17
408,2004-03-27,18.00.00,2.7,1210.0,219.0,12.4,1062.0,165.0,886.0,125.0,1586.0,981.0,15.8,36.1,0.644,3,18
409,2004-03-27,19.00.00,3.0,1306.0,306.0,12.9,1079.0,196.0,827.0,133.0,1621.0,1286.0,14.7,40.1,0.6657,3,19
410,2004-03-27,20.00.00,2.8,1258.0,270.0,12.2,1057.0,174.0,841.0,119.0,1633.0,1244.0,13.6,44.9,0.6991,3,20
411,2004-03-27,21.00.00,2.2,1148.0,231.0,8.8,930.0,140.0,948.0,107.0,1475.0,1056.0,12.5,48.1,0.6946,3,21
412,2004-03-27,22.00.00,1.6,1108.0,125.0,6.8,848.0,102.0,1023.0,96.0,1421.0,1003.0,11.8,50.8,0.7042,3,22
413,2004-03-27,23.00.00,2.1,1231.0,122.0,8.6,924.0,130.0,906.0,105.0,1483.0,1245.0,10.9,56.1,0.7326,3,23
414,2004-03-28,00.00.00,2.3,1293.0,161.0,8.9,937.0,121.0,930.0,102.0,1464.0,1200.0,10.9,55.9,0.7277,3,0
415,2004-03-28,01.00.00,2.3,1274.0,101.0,8.3,912.0,111.0,939.0,97.0,1451.0,1188.0,10.3,58.1,0.7278,3,1
416,2004-03-28,02.00.00,1.7,1135.0,95.0,6.3,827.0,87.0,1013.0,79.0,1395.0,1070.0,9.3,62.2,0.7294,3,2
418,2004-03-28,04.00.00,1.3,1010.0,96.0,5.1,769.0,77.0,1110.0,69.0,1396.0,895.0,8.3,64.9,0.7124,3,4
419,2004-03-28,05.00.00,0.8,870.0,54.0,2.6,626.0,39.0,1325.0,52.0,1284.0,755.0,9.6,58.5,0.7,3,5
420,2004-03-28,06.00.00,1.1,983.0,63.0,3.6,688.0,77.0,1251.0,62.0,1342.0,806.0,7.7,66.4,0.699,3,6
421,2004-03-28,07.00.00,1.4,995.0,72.0,3.6,691.0,91.0,1219.0,69.0,1321.0,836.0,7.4,68.0,0.7043,3,7
422,2004-03-28,08.00.00,1.3,1024.0,91.0,4.7,747.0,105.0,1136.0,75.0,1382.0,897.0,9.7,58.6,0.7035,3,8
423,2004-03-28,09.00.00,1.9,1163.0,127.0,7.5,880.0,133.0,959.0,83.0,1486.0,1073.0,12.5,50.1,0.7242,3,9
424,2004-03-28,10.00.00,2.3,1218.0,193.0,9.0,938.0,128.0,918.0,94.0,1501.0,1088.0,16.8,36.9,0.7018,3,10
425,2004-03-28,11.00.00,2.3,1210.0,188.0,9.5,958.0,126.0,933.0,96.0,1514.0,1036.0,19.2,31.3,0.6887,3,11
426,2004-03-28,12.00.00,1.8,1114.0,151.0,7.7,887.0,92.0,1020.0,86.0,1438.0,768.0,21.3,26.4,0.6607,3,12
427,2004-03-28,13.00.00,1.4,995.0,103.0,5.7,796.0,66.0,1159.0,72.0,1287.0,587.0,21.2,23.1,0.5768,3,13
428,2004-03-28,14.00.00,1.0,927.0,55.0,3.8,700.0,50.0,1285.0,53.0,1189.0,452.0,18.6,25.0,0.5319,3,14
429,2004-03-28,15.00.00,1.4,1002.0,104.0,4.8,754.0,70.0,1189.0,65.0,1260.0,470.0,18.0,27.3,0.5594,3,15
430,2004-03-28,16.00.00,1.3,987.0,116.0,4.3,727.0,73.0,1213.0,70.0,1244.0,502.0,18.2,28.3,0.5848,3,16
431,2004-03-28,17.00.00,1.3,993.0,93.0,4.1,714.0,77.0,1217.0,75.0,1238.0,516.0,17.0,31.4,0.6048,3,17
432,2004-03-28,18.00.00,1.4,1012.0,93.0,4.7,746.0,86.0,1174.0,86.0,1301.0,555.0,15.6,35.0,0.617,3,18
433,2004-03-28,19.00.00,1.9,1114.0,155.0,6.2,823.0,93.0,1068.0,94.0,1357.0,671.0,14.1,40.2,0.6438,3,19
434,2004-03-28,20.00.00,1.8,1093.0,115.0,5.5,789.0,105.0,1102.0,103.0,1329.0,788.0,13.4,43.2,0.6623,3,20
435,2004-03-28,21.00.00,1.1,968.0,75.0,3.3,669.0,67.0,1261.0,81.0,1246.0,538.0,12.3,46.8,0.6686,3,21
436,2004-03-28,22.00.00,1.1,960.0,65.0,3.2,666.0,63.0,1266.0,80.0,1224.0,544.0,11.9,46.5,0.6449,3,22
437,2004-03-28,23.00.00,1.1,942.0,57.0,2.9,648.0,63.0,1300.0,77.0,1204.0,500.0,11.5,46.6,0.6319,3,23
438,2004-03-29,00.00.00,0.9,888.0,40.0,2.2,598.0,46.0,1396.0,58.0,1156.0,417.0,10.6,48.0,0.6135,3,0
439,2004-03-29,01.00.00,0.6,818.0,27.0,1.3,524.0,21.0,1588.0,31.0,1071.0,341.0,10.7,45.8,0.5895,3,1
440,2004-03-29,02.00.00,0.5,840.0,23.0,1.1,509.0,22.0,1643.0,38.0,1076.0,352.0,10.4,46.6,0.5901,3,2
442,2004-03-29,04.00.00,0.6,864.0,21.0,1.2,516.0,39.0,1496.0,59.0,1153.0,502.0,11.3,46.9,0.628,3,4
443,2004-03-29,05.00.00,0.7,898.0,33.0,1.7,559.0,55.0,1441.0,70.0,1180.0,648.0,10.1,51.2,0.6341,3,5
444,2004-03-29,06.00.00,0.9,946.0,40.0,2.9,643.0,76.0,1309.0,75.0,1232.0,760.0,9.9,50.7,0.6167,3,6
445,2004-03-29,07.00.00,2.9,1309.0,279.0,14.3,1125.0,181.0,844.0,103.0,1687.0,1183.0,8.1,56.8,0.615,3,7
446,2004-03-29,08.00.00,4.1,1326.0,743.0,19.7,1289.0,259.0,714.0,134.0,1806.0,1431.0,10.9,44.1,0.5748,3,8
447,2004-03-29,09.00.00,1.5,966.0,147.0,5.5,786.0,118.0,1111.0,98.0,1258.0,705.0,11.8,37.6,0.5184,3,9
448,2004-03-29,10.00.00,1.5,975.0,97.0,5.6,793.0,119.0,1133.0,97.0,1254.0,637.0,13.9,33.2,0.5222,3,10
449,2004-03-29,11.00.00,1.5,988.0,118.0,5.8,803.0,123.0,1105.0,98.0,1293.0,658.0,15.6,30.1,0.5285,3,11
450,2004-03-29,12.00.00,1.4,971.0,91.0,5.5,786.0,92.0,1129.0,78.0,1272.0,546.0,16.5,29.0,0.5406,3,12
451,2004-03-29,13.00.00,1.6,1010.0,146.0,6.5,833.0,91.0,1070.0,83.0,1332.0,561.0,17.5,27.9,0.5517,3,13
452,2004-03-29,14.00.00,1.5,984.0,139.0,5.5,790.0,103.0,1131.0,92.0,1268.0,532.0,17.9,26.8,0.5446,3,14
453,2004-03-29,15.00.00,1.4,962.0,155.0,5.2,776.0,102.0,1131.0,81.0,1247.0,535.0,18.2,26.1,0.5387,3,15
454,2004-03-29,16.00.00,1.5,1012.0,128.0,5.8,801.0,94.0,1098.0,90.0,1289.0,525.0,18.0,27.1,0.5522,3,16
455,2004-03-29,17.00.00,1.9,1058.0,166.0,7.9,896.0,98.0,996.0,95.0,1358.0,603.0,17.0,28.9,0.5558,3,17
456,2004-03-29,18.00.00,2.5,1173.0,299.0,10.2,985.0,126.0,905.0,114.0,1477.0,802.0,16.1,31.3,0.568,3,18
457,2004-03-29,19.00.00,2.1,1127.0,163.0,8.2,907.0,108.0,957.0,106.0,1404.0,796.0,14.5,35.4,0.5839,3,19
458,2004-03-29,20.00.00,1.6,1020.0,154.0,5.7,797.0,95.0,1066.0,99.0,1302.0,689.0,13.2,37.9,0.5733,3,20
459,2004-03-29,21.00.00,1.2,949.0,80.0,3.8,700.0,78.0,1221.0,90.0,1178.0,553.0,13.1,34.4,0.517,3,21
460,2004-03-29,22.00.00,1.1,930.0,58.0,4.0,710.0,61.0,1278.0,82.0,1137.0,509.0,13.5,28.5,0.4405,3,22
461,2004-03-29,23.00.00,1.0,900.0,55.0,2.8,643.0,55.0,1339.0,74.0,1089.0,455.0,12.4,31.9,0.4583,3,23
462,2004-03-30,00.00.00,1.0,899.0,33.0,2.6,630.0,57.0,1418.0,76.0,1050.0,425.0,13.1,26.8,0.4023,3,0
463,2004-03-30,01.00.00,0.7,866.0,33.0,1.8,569.0,41.0,1468.0,66.0,1055.0,436.0,11.6,33.6,0.4595,3,1
464,2004-03-30,02.00.00,0.7,900.0,32.0,1.7,563.0,46.0,1402.0,73.0,1130.0,618.0,10.5,42.9,0.5442,3,2
466,2004-03-30,04.00.00,-200.0,897.0,29.0,1.3,529.0,41.0,1462.0,69.0,1101.0,693.0,12.2,37.2,0.5277,3,4
467,2004-03-30,05.00.00,0.7,956.0,26.0,2.3,605.0,52.0,1341.0,71.0,1117.0,691.0,12.9,33.9,0.5037,3,5
468,2004-03-30,06.00.00,1.1,1054.0,86.0,5.3,779.0,111.0,1080.0,98.0,1266.0,1013.0,11.3,40.3,0.5376,3,6
469,2004-03-30,07.00.00,2.6,1343.0,294.0,13.4,1096.0,191.0,839.0,115.0,1587.0,1311.0,11.9,38.4,0.5341,3,7
470,2004-03-30,08.00.00,4.0,1584.0,664.0,23.8,1399.0,244.0,642.0,130.0,1947.0,1675.0,13.3,35.6,0.5416,3,8
471,2004-03-30,09.00.00,4.2,1556.0,695.0,21.5,1337.0,283.0,674.0,150.0,1852.0,1689.0,16.3,28.8,0.5305,3,9
472,2004-03-30,10.00.00,4.7,1565.0,735.0,21.0,1324.0,320.0,695.0,159.0,1872.0,1688.0,17.9,28.2,0.5741,3,10
473,2004-03-30,11.00.00,3.9,1429.0,649.0,18.4,1251.0,249.0,734.0,146.0,1754.0,1548.0,18.3,26.6,0.5529,3,11
474,2004-03-30,12.00.00,3.7,1419.0,586.0,18.9,1267.0,219.0,742.0,138.0,1763.0,1490.0,20.8,22.5,0.5463,3,12
475,2004-03-30,13.00.00,3.4,1373.0,546.0,17.1,1213.0,200.0,791.0,128.0,1711.0,1354.0,22.4,20.0,0.5352,3,13
476,2004-03-30,14.00.00,2.2,1185.0,245.0,10.4,992.0,138.0,942.0,97.0,1448.0,1014.0,20.9,21.7,0.5295,3,14
477,2004-03-30,15.00.00,1.9,1122.0,178.0,8.0,897.0,118.0,991.0,91.0,1372.0,831.0,19.1,26.5,0.579,3,15
478,2004-03-30,16.00.00,1.6,1085.0,130.0,6.2,820.0,99.0,1060.0,81.0,1325.0,699.0,18.1,30.6,0.6295,3,16
479,2004-03-30,17.00.00,2.1,1249.0,151.0,9.7,968.0,112.0,874.0,99.0,1527.0,926.0,17.3,34.7,0.6788,3,17
480,2004-03-30,18.00.00,2.2,1236.0,272.0,9.6,962.0,117.0,853.0,101.0,1532.0,928.0,15.8,40.4,0.7228,3,18
481,2004-03-30,19.00.00,2.7,1334.0,301.0,11.9,1047.0,129.0,815.0,106.0,1638.0,1038.0,15.9,42.0,0.7541,3,19
482,2004-03-30,20.00.00,2.4,1264.0,237.0,8.7,928.0,132.0,884.0,102.0,1534.0,1035.0,15.9,43.5,0.779,3,20
483,2004-03-30,21.00.00,1.3,1073.0,95.0,4.7,746.0,73.0,1072.0,84.0,1360.0,789.0,15.0,46.1,0.7833,3,21
484,2004-03-30,22.00.00,1.2,1053.0,68.0,3.8,701.0,68.0,1147.0,81.0,1323.0,692.0,15.1,44.6,0.7574,3,22
485,2004-03-30,23.00.00,1.5,1098.0,101.0,4.7,747.0,80.0,1094.0,91.0,1360.0,764.0,14.9,43.5,0.7302,3,23
486,2004-03-31,00.00.00,1.3,1029.0,81.0,3.8,702.0,68.0,1180.0,82.0,1287.0,639.0,14.8,41.0,0.685,3,0
487,2004-03-31,01.00.00,1.0,973.0,50.0,2.7,631.0,44.0,1287.0,64.0,1240.0,541.0,14.8,40.8,0.6814,3,1
488,2004-03-31,02.00.00,0.9,972.0,66.0,2.8,639.0,47.0,1222.0,70.0,1256.0,678.0,14.8,40.8,0.6834,3,2
490,2004-03-31,04.00.00,0.5,851.0,18.0,0.8,477.0,15.0,1699.0,26.0,1064.0,343.0,14.5,36.1,0.5928,3,4
491,2004-03-31,05.00.00,0.6,909.0,31.0,1.5,545.0,44.0,1473.0,58.0,1131.0,436.0,14.6,36.0,0.5947,3,5
492,2004-03-31,06.00.00,1.0,1038.0,57.0,3.5,684.0,85.0,1220.0,93.0,1279.0,688.0,14.4,38.5,0.6291,3,6
493,2004-03-31,07.00.00,3.1,1636.0,342.0,15.6,1168.0,207.0,721.0,110.0,1926.0,1438.0,13.8,58.2,0.9129,3,7
494,2004-03-31,08.00.00,4.1,1580.0,644.0,19.9,1295.0,230.0,639.0,115.0,1957.0,1489.0,13.2,61.1,0.9256,3,8
495,2004-03-31,09.00.00,2.2,1262.0,216.0,8.6,924.0,181.0,872.0,125.0,1576.0,1093.0,10.4,74.4,0.9384,3,9
496,2004-03-31,10.00.00,1.7,1197.0,117.0,6.5,837.0,144.0,957.0,118.0,1498.0,965.0,11.5,71.0,0.9582,3,10
497,2004-03-31,11.00.00,1.9,1277.0,156.0,7.7,886.0,140.0,902.0,109.0,1579.0,1004.0,12.2,70.0,0.9924,3,11
498,2004-03-31,12.00.00,2.9,1430.0,332.0,11.3,1025.0,204.0,779.0,123.0,1772.0,1166.0,12.3,73.3,1.0442,3,12
499,2004-03-31,13.00.00,2.2,1242.0,232.0,9.1,944.0,149.0,846.0,114.0,1638.0,991.0,11.3,78.1,1.0411,3,13
500,2004-03-31,14.00.00,2.6,1349.0,295.0,11.2,1023.0,171.0,804.0,114.0,1748.0,1054.0,13.6,69.2,1.0746,3,14
501,2004-03-31,15.00.00,3.1,1390.0,386.0,13.5,1100.0,195.0,755.0,119.0,1799.0,1192.0,14.9,59.3,0.9974,3,15
502,2004-03-31,16.00.00,2.3,1224.0,278.0,10.1,980.0,152.0,850.0,111.0,1637.0,1055.0,15.7,50.9,0.8997,3,16
503,2004-03-31,17.00.00,2.4,1253.0,263.0,11.3,1026.0,128.0,810.0,103.0,1681.0,1048.0,15.2,52.9,0.9087,3,17
504,2004-03-31,18.00.00,2.8,1312.0,322.0,11.8,1041.0,121.0,821.0,103.0,1712.0,1073.0,15.5,50.8,0.8881,3,18
505,2004-03-31,19.00.00,2.7,1254.0,226.0,11.5,1033.0,142.0,819.0,107.0,1669.0,1068.0,14.3,52.9,0.8581,3,19
506,2004-03-31,20.00.00,2.3,1198.0,221.0,9.3,953.0,131.0,882.0,105.0,1588.0,1019.0,13.2,56.0,0.8446,3,20
507,2004-03-31,21.00.00,1.5,1060.0,109.0,5.5,787.0,81.0,1044.0,91.0,1418.0,833.0,12.6,57.0,0.8315,3,21
508,2004-03-31,22.00.00,1.4,1050.0,105.0,5.1,769.0,60.0,1078.0,79.0,1409.0,759.0,12.3,57.8,0.8224,3,22
509,2004-03-31,23.00.00,1.2,1029.0,84.0,4.8,754.0,57.0,1098.0,79.0,1395.0,749.0,12.0,58.4,0.8164,3,23
510,2004-04-01,00.00.00,1.6,1143.0,106.0,6.3,825.0,96.0,986.0,86.0,1477.0,978.0,12.0,61.6,0.8593,4,0
511,2004-04-01,01.00.00,1.2,1044.0,100.0,5.1,770.0,85.0,1031.0,70.0,1425.0,944.0,11.5,63.9,0.8652,4,1
512,2004-04-01,02.00.00,1.1,1034.0,71.0,4.1,716.0,50.0,1085.0,55.0,1405.0,891.0,10.7,67.2,0.863,4,2
514,2004-04-01,04.00.00,0.7,909.0,44.0,2.4,615.0,57.0,1237.0,49.0,1322.0,790.0,10.2,66.6,0.8299,4,4
515,2004-04-01,05.00.00,0.9,996.0,45.0,2.9,648.0,64.0,1176.0,50.0,1340.0,852.0,11.0,63.7,0.8325,4,5
516,2004-04-01,06.00.00,1.7,1154.0,134.0,7.4,876.0,153.0,1002.0,67.0,1561.0,987.0,9.6,68.8,0.8243,4,6
517,2004-04-01,07.00.00,4.2,1510.0,505.0,19.8,1291.0,342.0,675.0,94.0,1949.0,1435.0,9.5,69.6,0.8273,4,7
518,2004-04-01,08.00.00,6.2,1722.0,1042.0,31.9,1595.0,378.0,539.0,119.0,2439.0,1798.0,11.9,60.9,0.8455,4,8
519,2004-04-01,09.00.00,4.6,1512.0,737.0,21.0,1323.0,304.0,631.0,139.0,2001.0,1677.0,16.2,48.6,0.8892,4,9
520,2004-04-01,10.00.00,2.8,1258.0,375.0,11.7,1040.0,192.0,800.0,113.0,1701.0,1282.0,19.2,39.6,0.8693,4,10
521,2004-04-01,11.00.00,1.6,1094.0,124.0,6.8,850.0,130.0,970.0,88.0,1489.0,871.0,19.7,38.4,0.8743,4,11
522,2004-04-01,12.00.00,1.7,1129.0,137.0,7.4,875.0,106.0,974.0,73.0,1524.0,759.0,20.6,36.7,0.8797,4,12
523,2004-04-01,13.00.00,1.7,1125.0,179.0,8.6,924.0,102.0,937.0,73.0,1542.0,790.0,21.8,33.9,0.8771,4,13
527,2004-04-01,17.00.00,3.3,1308.0,388.0,16.4,1193.0,163.0,793.0,106.0,1193.0,1187.0,23.6,27.5,0.7913,4,17
528,2004-04-01,18.00.00,4.2,1529.0,589.0,21.2,1331.0,211.0,700.0,132.0,2028.0,1399.0,22.8,32.1,0.8814,4,18
529,2004-04-01,19.00.00,5.5,1592.0,840.0,25.0,1429.0,267.0,624.0,164.0,2089.0,1644.0,20.8,36.7,0.8878,4,19
530,2004-04-01,20.00.00,4.9,1536.0,655.0,20.2,1302.0,269.0,666.0,161.0,1922.0,1599.0,18.3,40.9,0.8493,4,20
531,2004-04-01,21.00.00,2.5,1192.0,254.0,10.8,1007.0,154.0,827.0,124.0,1604.0,1223.0,16.8,44.0,0.8341,4,21
532,2004-04-01,22.00.00,2.0,1186.0,188.0,9.9,976.0,127.0,844.0,113.0,1570.0,1200.0,15.8,48.0,0.8569,4,22
533,2004-04-01,23.00.00,2.0,1203.0,120.0,8.5,920.0,122.0,898.0,103.0,1529.0,1118.0,14.9,52.0,0.8757,4,23
534,2004-04-02,00.00.00,2.0,1139.0,157.0,8.0,899.0,126.0,921.0,104.0,1514.0,1067.0,14.1,54.4,0.8701,4,0
535,2004-04-02,01.00.00,1.3,1072.0,88.0,5.6,795.0,84.0,986.0,93.0,1442.0,1048.0,13.3,58.8,0.8922,4,1
536,2004-04-02,02.00.00,1.0,954.0,68.0,3.2,667.0,58.0,1180.0,60.0,1350.0,718.0,13.3,60.9,0.9229,4,2
538,2004-04-02,04.00.00,-200.0,926.0,36.0,2.8,638.0,37.0,1195.0,52.0,1342.0,749.0,11.2,65.9,0.8775,4,4
539,2004-04-02,05.00.00,0.7,968.0,51.0,2.6,628.0,56.0,1197.0,66.0,1372.0,737.0,11.3,72.9,0.9738,4,5
540,2004-04-02,06.00.00,1.1,1067.0,93.0,4.3,727.0,91.0,1055.0,82.0,1448.0,903.0,11.4,71.8,0.9671,4,6
541,2004-04-02,07.00.00,2.6,1386.0,284.0,13.0,1083.0,159.0,798.0,109.0,1833.0,1159.0,11.9,73.7,1.0254,4,7
542,2004-04-02,08.00.00,3.9,1474.0,486.0,20.3,1306.0,190.0,634.0,114.0,2060.0,1365.0,12.6,70.2,1.0221,4,8
543,2004-04-02,09.00.00,5.0,1569.0,798.0,20.7,1316.0,249.0,634.0,139.0,2054.0,1510.0,13.6,65.3,1.0136,4,9
544,2004-04-02,10.00.00,3.3,1375.0,524.0,15.9,1177.0,196.0,706.0,127.0,1898.0,1386.0,16.9,52.3,1.0013,4,10
545,2004-04-02,11.00.00,2.9,1328.0,468.0,14.2,1123.0,180.0,738.0,127.0,1821.0,1368.0,19.4,44.1,0.9855,4,11
546,2004-04-02,12.00.00,3.1,1341.0,454.0,15.9,1176.0,167.0,748.0,135.0,1825.0,1347.0,22.9,33.8,0.9322,4,12
547,2004-04-02,13.00.00,3.0,1297.0,461.0,16.1,1183.0,159.0,765.0,130.0,1773.0,1242.0,23.6,31.3,0.9001,4,13
548,2004-04-02,14.00.00,2.7,1303.0,391.0,14.7,1139.0,152.0,790.0,126.0,1761.0,1138.0,24.7,30.5,0.9371,4,14
549,2004-04-02,15.00.00,2.7,1281.0,337.0,14.0,1116.0,149.0,809.0,121.0,1703.0,1080.0,26.1,27.3,0.9101,4,15
550,2004-04-02,16.00.00,2.6,1248.0,297.0,13.6,1103.0,143.0,872.0,122.0,1632.0,1002.0,27.6,22.8,0.8288,4,16
551,2004-04-02,17.00.00,3.7,1382.0,588.0,19.7,1288.0,185.0,778.0,138.0,1799.0,1212.0,26.9,22.3,0.7792,4,17
552,2004-04-02,18.00.00,4.5,1491.0,721.0,23.3,1385.0,223.0,685.0,165.0,1915.0,1486.0,24.3,30.1,0.9012,4,18
553,2004-04-02,19.00.00,4.7,1620.0,710.0,24.1,1407.0,215.0,641.0,154.0,2052.0,1567.0,21.2,40.1,0.9978,4,19
554,2004-04-02,20.00.00,5.5,1693.0,787.0,25.4,1439.0,271.0,618.0,168.0,2083.0,1723.0,19.4,42.5,0.9483,4,20
555,2004-04-02,21.00.00,3.0,1374.0,415.0,14.1,1121.0,180.0,771.0,146.0,1685.0,1399.0,18.5,43.0,0.9074,4,21
556,2004-04-02,22.00.00,1.9,1287.0,245.0,10.1,982.0,115.0,841.0,124.0,1582.0,1291.0,17.8,47.0,0.9467,4,22
557,2004-04-02,23.00.00,2.3,1408.0,294.0,12.1,1052.0,149.0,761.0,124.0,1684.0,1443.0,16.8,53.2,1.01,4,23
558,2004-04-03,00.00.00,1.6,1254.0,139.0,9.0,941.0,98.0,828.0,106.0,1566.0,1270.0,17.1,51.8,0.999,4,0
559,2004-04-03,01.00.00,1.3,1141.0,98.0,6.3,827.0,73.0,936.0,88.0,1488.0,1110.0,16.2,54.2,0.9933,4,1
560,2004-04-03,02.00.00,1.2,1141.0,88.0,5.3,777.0,69.0,986.0,83.0,1455.0,1060.0,15.1,58.2,0.9886,4,2
562,2004-04-03,04.00.00,0.8,986.0,57.0,3.0,651.0,60.0,1145.0,74.0,1380.0,891.0,14.5,58.0,0.9488,4,4
563,2004-04-03,05.00.00,0.8,1005.0,57.0,3.3,673.0,56.0,1103.0,64.0,1387.0,905.0,13.7,61.6,0.9631,4,5
564,2004-04-03,06.00.00,0.9,1041.0,60.0,3.5,683.0,73.0,1112.0,69.0,1398.0,899.0,13.9,59.6,0.9408,4,6
565,2004-04-03,07.00.00,2.0,1272.0,200.0,9.5,959.0,159.0,846.0,91.0,1660.0,1136.0,13.3,61.7,0.9399,4,7
566,2004-04-03,08.00.00,3.0,1436.0,451.0,15.2,1154.0,203.0,704.0,96.0,1872.0,1391.0,15.1,55.8,0.9486,4,8
567,2004-04-03,09.00.00,3.1,1472.0,422.0,14.3,1126.0,211.0,720.0,106.0,1816.0,1460.0,17.0,50.5,0.9684,4,9
616,2004-04-05,10.00.00,3.1,1461.0,424.0,14.3,1127.0,236.0,703.0,124.0,1836.0,1451.0,15.6,57.4,1.0075,4,10
617,2004-04-05,11.00.00,3.0,1430.0,339.0,13.7,1107.0,228.0,713.0,121.0,1853.0,1409.0,16.6,55.2,1.0382,4,11
618,2004-04-05,12.00.00,3.2,1498.0,445.0,15.7,1171.0,206.0,684.0,114.0,1942.0,1434.0,17.0,54.3,1.0434,4,12
619,2004-04-05,13.00.00,3.1,1454.0,535.0,15.4,1162.0,188.0,682.0,114.0,1915.0,1457.0,18.0,51.5,1.0552,4,13
620,2004-04-05,14.00.00,2.5,1402.0,278.0,12.6,1069.0,158.0,733.0,106.0,1793.0,1325.0,19.5,47.5,1.0653,4,14
621,2004-04-05,15.00.00,2.1,1327.0,256.0,9.8,971.0,124.0,803.0,89.0,1705.0,1120.0,21.6,41.7,1.0606,4,15
622,2004-04-05,16.00.00,2.0,1273.0,245.0,9.6,963.0,98.0,832.0,82.0,1662.0,931.0,22.2,38.3,1.0106,4,16
623,2004-04-05,17.00.00,3.2,1457.0,458.0,16.3,1190.0,160.0,678.0,111.0,1877.0,1212.0,20.3,42.8,1.0053,4,17
624,2004-04-05,18.00.00,4.1,1543.0,710.0,19.8,1290.0,194.0,631.0,132.0,2011.0,1353.0,19.7,45.4,1.0312,4,18
625,2004-04-05,19.00.00,3.9,1499.0,678.0,18.0,1239.0,174.0,651.0,121.0,1957.0,1359.0,18.8,47.5,1.0199,4,19
626,2004-04-05,20.00.00,3.1,1378.0,436.0,13.6,1102.0,157.0,742.0,116.0,1796.0,1273.0,17.9,49.4,1.0064,4,20
627,2004-04-05,21.00.00,2.0,1243.0,178.0,8.7,928.0,109.0,852.0,100.0,1622.0,1079.0,17.5,50.9,1.009,4,21
628,2004-04-05,22.00.00,1.7,1196.0,160.0,7.7,885.0,85.0,884.0,89.0,1589.0,973.0,17.4,51.8,1.023,4,22
629,2004-04-05,23.00.00,1.6,1137.0,177.0,7.3,869.0,90.0,890.0,92.0,1554.0,951.0,17.0,53.9,1.0363,4,23
630,2004-04-06,00.00.00,1.0,1015.0,101.0,4.1,718.0,61.0,1065.0,71.0,1428.0,714.0,16.6,55.4,1.0408,4,0
631,2004-04-06,01.00.00,0.8,978.0,66.0,2.7,635.0,36.0,1188.0,51.0,1382.0,579.0,15.9,57.0,1.0224,4,1
632,2004-04-06,02.00.00,0.5,933.0,40.0,1.5,547.0,25.0,1357.0,39.0,1336.0,542.0,15.0,59.2,1.0059,4,2
634,2004-04-06,04.00.00,0.5,908.0,39.0,1.8,569.0,24.0,1303.0,35.0,1360.0,526.0,14.1,61.6,0.9883,4,4
635,2004-04-06,05.00.00,0.8,980.0,62.0,3.4,677.0,73.0,1141.0,64.0,1435.0,659.0,14.6,58.8,0.9711,4,5
636,2004-04-06,06.00.00,1.7,1236.0,120.0,8.5,920.0,164.0,880.0,94.0,1641.0,1012.0,14.4,58.9,0.9594,4,6
637,2004-04-06,07.00.00,4.5,1664.0,599.0,24.1,1407.0,329.0,594.0,134.0,2198.0,1564.0,15.3,55.2,0.9538,4,7
638,2004-04-06,08.00.00,6.2,1757.0,1084.0,33.7,1636.0,302.0,494.0,129.0,2560.0,1806.0,16.2,52.5,0.9576,4,8
639,2004-04-06,09.00.00,4.4,1524.0,776.0,22.0,1350.0,256.0,588.0,125.0,2096.0,1604.0,18.4,46.3,0.9734,4,9
640,2004-04-06,10.00.00,2.9,1329.0,470.0,14.1,1119.0,182.0,707.0,107.0,1823.0,1288.0,19.6,41.8,0.9407,4,10
641,2004-04-06,11.00.00,1.6,1167.0,169.0,7.6,884.0,105.0,881.0,78.0,1580.0,931.0,20.2,40.1,0.937,4,11
642,2004-04-06,12.00.00,2.6,1369.0,304.0,14.5,1132.0,136.0,715.0,91.0,1818.0,1162.0,20.9,36.6,0.8939,4,12
643,2004-04-06,13.00.00,2.9,1284.0,405.0,13.6,1103.0,167.0,755.0,116.0,1704.0,1064.0,20.4,34.7,0.8229,4,13
644,2004-04-06,14.00.00,2.5,1221.0,297.0,11.5,1032.0,166.0,811.0,131.0,1630.0,913.0,19.3,35.4,0.7813,4,14
645,2004-04-06,15.00.00,1.9,1096.0,220.0,9.2,947.0,115.0,872.0,113.0,1519.0,684.0,18.6,36.9,0.7829,4,15
646,2004-04-06,16.00.00,1.9,1143.0,226.0,10.3,988.0,109.0,849.0,98.0,1590.0,710.0,18.8,36.8,0.7883,4,16
647,2004-04-06,17.00.00,2.7,1251.0,456.0,14.0,1116.0,143.0,760.0,116.0,1716.0,923.0,17.5,40.6,0.8068,4,17
648,2004-04-06,18.00.00,3.0,1268.0,470.0,15.0,1148.0,159.0,728.0,120.0,1776.0,1006.0,16.8,44.3,0.8428,4,18
649,2004-04-06,19.00.00,3.3,1314.0,503.0,15.1,1150.0,181.0,726.0,126.0,1784.0,1083.0,16.3,47.7,0.8746,4,19
650,2004-04-06,20.00.00,3.2,1315.0,459.0,14.8,1142.0,178.0,724.0,126.0,1807.0,1161.0,15.6,50.7,0.8947,4,20
651,2004-04-06,21.00.00,1.8,1095.0,227.0,8.5,918.0,91.0,896.0,90.0,1527.0,800.0,15.7,49.4,0.8768,4,21
652,2004-04-06,22.00.00,1.3,1027.0,152.0,5.9,808.0,76.0,996.0,81.0,1458.0,647.0,15.8,48.6,0.8653,4,22
653,2004-04-06,23.00.00,1.1,1012.0,94.0,4.8,752.0,66.0,1053.0,74.0,1393.0,649.0,15.7,47.0,0.8325,4,23
654,2004-04-07,00.00.00,0.9,948.0,93.0,4.0,710.0,56.0,1127.0,67.0,1352.0,575.0,15.7,45.9,0.8121,4,0
655,2004-04-07,01.00.00,0.7,889.0,49.0,2.3,603.0,35.0,1308.0,46.0,1271.0,455.0,15.6,44.9,0.792,4,1
656,2004-04-07,02.00.00,0.4,830.0,30.0,1.4,538.0,21.0,1475.0,30.0,1214.0,392.0,15.6,44.4,0.7827,4,2
658,2004-04-07,04.00.00,0.3,804.0,30.0,0.7,468.0,12.0,1826.0,19.0,1166.0,320.0,15.7,45.4,0.8063,4,4
659,2004-04-07,05.00.00,0.3,824.0,32.0,0.8,478.0,22.0,1705.0,32.0,1200.0,331.0,15.3,50.1,0.8617,4,5
660,2004-04-07,06.00.00,0.8,1000.0,59.0,3.6,688.0,55.0,1257.0,61.0,1398.0,426.0,14.2,58.6,0.9443,4,6
661,2004-04-07,07.00.00,2.8,1307.0,277.0,12.9,1082.0,152.0,777.0,111.0,1769.0,830.0,14.3,58.2,0.9431,4,7
662,2004-04-07,08.00.00,3.1,1286.0,454.0,15.7,1171.0,153.0,716.0,102.0,1821.0,1006.0,15.0,52.0,0.8817,4,8
663,2004-04-07,09.00.00,2.3,1150.0,211.0,8.6,925.0,152.0,865.0,116.0,1576.0,820.0,13.6,61.4,0.9519,4,9
664,2004-04-07,10.00.00,1.6,1087.0,196.0,7.4,876.0,112.0,911.0,96.0,1554.0,737.0,16.1,53.1,0.9675,4,10
665,2004-04-07,11.00.00,1.5,1016.0,110.0,6.6,839.0,119.0,991.0,97.0,1448.0,790.0,16.6,44.3,0.8294,4,11
666,2004-04-07,12.00.00,1.6,1029.0,164.0,7.8,892.0,122.0,937.0,110.0,1474.0,760.0,17.4,40.3,0.7922,4,12
667,2004-04-07,13.00.00,1.8,1109.0,151.0,9.1,943.0,115.0,883.0,103.0,1604.0,767.0,18.1,42.2,0.8679,4,13
668,2004-04-07,14.00.00,1.4,997.0,112.0,6.1,817.0,84.0,1030.0,79.0,1426.0,626.0,14.4,51.8,0.8433,4,14
669,2004-04-07,15.00.00,1.9,1177.0,117.0,7.5,880.0,146.0,927.0,104.0,1552.0,776.0,10.9,76.4,0.9953,4,15
670,2004-04-07,16.00.00,1.2,1045.0,120.0,5.9,808.0,65.0,1038.0,69.0,1421.0,589.0,16.4,47.7,0.8819,4,16
671,2004-04-07,17.00.00,2.3,1171.0,251.0,12.7,1073.0,120.0,847.0,96.0,1623.0,872.0,18.0,37.1,0.7598,4,17
672,2004-04-07,18.00.00,3.3,1221.0,435.0,13.5,1101.0,185.0,799.0,121.0,1700.0,996.0,14.7,48.7,0.8089,4,18
673,2004-04-07,19.00.00,3.1,1262.0,345.0,14.5,1133.0,157.0,774.0,129.0,1748.0,1033.0,11.3,71.3,0.9514,4,19
674,2004-04-07,20.00.00,3.3,1207.0,343.0,11.0,1013.0,174.0,876.0,116.0,1632.0,982.0,10.0,74.0,0.9087,4,20
675,2004-04-07,21.00.00,1.2,956.0,62.0,3.2,666.0,62.0,1235.0,71.0,1282.0,518.0,9.8,71.8,0.8702,4,21
676,2004-04-07,22.00.00,1.3,1020.0,70.0,4.3,727.0,81.0,1153.0,85.0,1391.0,631.0,9.3,75.2,0.8796,4,22
677,2004-04-07,23.00.00,1.9,1107.0,114.0,7.1,861.0,118.0,957.0,101.0,1510.0,879.0,9.6,76.0,0.9088,4,23
678,2004-04-08,00.00.00,1.4,1020.0,88.0,4.8,752.0,95.0,1074.0,97.0,1398.0,839.0,9.3,75.0,0.8799,4,0
679,2004-04-08,01.00.00,1.5,1051.0,95.0,5.7,798.0,84.0,1016.0,89.0,1455.0,876.0,9.0,76.7,0.8825,4,1
680,2004-04-08,02.00.00,1.1,965.0,83.0,4.1,716.0,56.0,1087.0,72.0,1383.0,827.0,8.2,79.6,0.8672,4,2
682,2004-04-08,04.00.00,-200.0,823.0,38.0,1.8,568.0,43.0,1366.0,57.0,1263.0,699.0,8.3,75.6,0.8302,4,4
683,2004-04-08,05.00.00,0.8,869.0,68.0,2.8,642.0,69.0,1291.0,62.0,1288.0,723.0,8.1,72.1,0.7798,4,5
684,2004-04-08,06.00.00,1.1,939.0,59.0,4.8,754.0,74.0,1169.0,64.0,1384.0,797.0,8.1,70.4,0.7609,4,6
685,2004-04-08,07.00.00,2.6,1274.0,226.0,13.8,1109.0,161.0,820.0,80.0,1723.0,1138.0,8.1,70.5,0.7627,4,7
686,2004-04-08,08.00.00,5.1,1512.0,802.0,27.1,1482.0,308.0,596.0,118.0,2189.0,1605.0,9.9,64.3,0.7859,4,8
687,2004-04-08,09.00.00,4.2,1435.0,585.0,19.1,1271.0,300.0,676.0,130.0,1885.0,1569.0,13.0,54.2,0.809,4,9
688,2004-04-08,10.00.00,2.6,1207.0,324.0,11.7,1041.0,189.0,813.0,113.0,1620.0,1319.0,16.5,42.6,0.7912,4,10
689,2004-04-08,11.00.00,2.4,1223.0,308.0,12.7,1075.0,164.0,818.0,112.0,1678.0,1198.0,19.3,34.2,0.7566,4,11
690,2004-04-08,12.00.00,2.1,1121.0,238.0,11.3,1026.0,122.0,865.0,96.0,1541.0,958.0,21.5,27.4,0.6941,4,12
691,2004-04-08,13.00.00,2.6,1176.0,301.0,14.2,1123.0,166.0,816.0,125.0,1609.0,1068.0,20.4,26.7,0.6323,4,13
692,2004-04-08,14.00.00,2.8,1144.0,294.0,13.9,1114.0,181.0,845.0,128.0,1551.0,1010.0,20.6,22.6,0.5432,4,14
693,2004-04-08,15.00.00,2.5,1136.0,353.0,13.2,1089.0,127.0,856.0,101.0,1552.0,928.0,20.6,24.8,0.5931,4,15
694,2004-04-08,16.00.00,1.9,1085.0,209.0,10.7,1004.0,106.0,888.0,95.0,1454.0,816.0,21.0,25.4,0.6264,4,16
695,2004-04-08,17.00.00,3.6,1297.0,538.0,19.7,1287.0,192.0,723.0,138.0,1798.0,1216.0,21.5,24.5,0.6203,4,17
696,2004-04-08,18.00.00,4.6,1408.0,808.0,24.0,1404.0,241.0,646.0,154.0,1972.0,1463.0,19.3,28.6,0.6357,4,18
697,2004-04-08,19.00.00,6.3,1618.0,974.0,29.1,1530.0,326.0,579.0,171.0,2167.0,1791.0,18.0,32.9,0.6737,4,19
698,2004-04-08,20.00.00,4.3,1319.0,544.0,15.8,1172.0,232.0,746.0,136.0,1699.0,1425.0,15.8,39.8,0.7096,4,20
699,2004-04-08,21.00.00,1.6,1045.0,138.0,7.0,857.0,92.0,968.0,93.0,1410.0,922.0,15.3,41.5,0.7194,4,21
700,2004-04-08,22.00.00,1.4,1058.0,92.0,6.3,824.0,95.0,993.0,99.0,1411.0,971.0,14.1,46.0,0.7363,4,22
725,2004-04-09,23.00.00,2.3,1176.0,169.0,8.4,917.0,157.0,866.0,95.0,1560.0,1151.0,12.0,67.9,0.9523,4,23
726,2004-04-10,00.00.00,1.3,1047.0,77.0,5.4,783.0,83.0,1014.0,79.0,1449.0,975.0,12.0,66.9,0.9336,4,0
727,2004-04-10,01.00.00,1.7,1116.0,98.0,6.9,854.0,118.0,929.0,78.0,1533.0,1034.0,11.5,70.1,0.9503,4,1
728,2004-04-10,02.00.00,1.7,1074.0,102.0,6.4,832.0,101.0,951.0,75.0,1507.0,980.0,11.4,69.8,0.939,4,2
730,2004-04-10,04.00.00,0.8,898.0,69.0,3.3,669.0,46.0,1163.0,52.0,1386.0,807.0,10.8,70.3,0.9092,4,4
731,2004-04-10,05.00.00,1.0,970.0,89.0,4.0,708.0,81.0,1121.0,55.0,1435.0,842.0,10.2,73.4,0.9129,4,5
732,2004-04-10,06.00.00,1.4,1073.0,134.0,6.0,812.0,112.0,988.0,65.0,1500.0,950.0,10.8,70.5,0.9142,4,6
733,2004-04-10,07.00.00,1.7,1081.0,157.0,8.2,906.0,150.0,895.0,72.0,1591.0,1024.0,11.0,71.0,0.9279,4,7
734,2004-04-10,08.00.00,2.0,1159.0,167.0,9.9,976.0,138.0,837.0,76.0,1663.0,1098.0,12.4,64.0,0.9206,4,8
735,2004-04-10,09.00.00,2.0,1112.0,157.0,8.8,931.0,124.0,869.0,84.0,1588.0,1011.0,15.0,53.1,0.8993,4,9
736,2004-04-10,10.00.00,1.9,1112.0,172.0,8.4,917.0,124.0,897.0,90.0,1542.0,931.0,16.6,44.4,0.8313,4,10
737,2004-04-10,11.00.00,2.1,1063.0,114.0,7.5,877.0,115.0,971.0,89.0,1481.0,811.0,18.0,38.4,0.7862,4,11
738,2004-04-10,12.00.00,1.8,1032.0,166.0,7.8,892.0,101.0,973.0,87.0,1457.0,756.0,20.6,30.0,0.7213,4,12
739,2004-04-10,13.00.00,1.5,936.0,94.0,6.4,829.0,90.0,1054.0,88.0,1336.0,607.0,19.9,26.7,0.6137,4,13
740,2004-04-10,14.00.00,1.3,883.0,108.0,5.1,766.0,90.0,1152.0,81.0,1238.0,498.0,19.8,23.1,0.5283,4,14
741,2004-04-10,15.00.00,1.4,942.0,98.0,6.9,852.0,89.0,1055.0,89.0,1318.0,540.0,21.4,22.7,0.5722,4,15
742,2004-04-10,16.00.00,1.5,943.0,132.0,6.8,850.0,92.0,1084.0,91.0,1296.0,544.0,22.1,21.3,0.5605,4,16
743,2004-04-10,17.00.00,1.7,1007.0,144.0,7.4,875.0,103.0,1027.0,104.0,1357.0,620.0,21.1,24.5,0.604,4,17
744,2004-04-10,18.00.00,2.0,1037.0,165.0,8.7,927.0,122.0,949.0,111.0,1426.0,740.0,18.3,31.6,0.6562,4,18
745,2004-04-10,19.00.00,2.5,1127.0,210.0,11.2,1022.0,159.0,871.0,129.0,1534.0,921.0,16.1,35.0,0.6372,4,19
746,2004-04-10,20.00.00,2.4,1123.0,277.0,10.5,996.0,172.0,861.0,133.0,1551.0,1033.0,14.8,41.5,0.6929,4,20
747,2004-04-10,21.00.00,2.0,1110.0,168.0,8.2,909.0,125.0,916.0,115.0,1487.0,984.0,13.2,50.3,0.7577,4,21
748,2004-04-10,22.00.00,2.9,1247.0,248.0,11.6,1037.0,187.0,812.0,125.0,1618.0,1193.0,12.3,55.5,0.7916,4,22
749,2004-04-10,23.00.00,2.5,1220.0,235.0,9.7,967.0,174.0,844.0,117.0,1545.0,1219.0,11.8,56.6,0.7833,4,23
750,2004-04-11,00.00.00,1.4,1028.0,84.0,5.1,770.0,75.0,1047.0,84.0,1326.0,913.0,11.2,56.2,0.7469,4,0
751,2004-04-11,01.00.00,1.2,978.0,75.0,4.0,711.0,48.0,1144.0,63.0,1304.0,750.0,11.0,56.6,0.7418,4,1
752,2004-04-11,02.00.00,1.0,949.0,62.0,3.7,694.0,61.0,1160.0,68.0,1310.0,772.0,9.3,64.3,0.7531,4,2
754,2004-04-11,04.00.00,-200.0,863.0,49.0,3.0,651.0,38.0,1224.0,52.0,1286.0,712.0,7.8,70.4,0.7463,4,4
755,2004-04-11,05.00.00,0.7,836.0,38.0,2.9,643.0,38.0,1244.0,49.0,1306.0,727.0,7.7,70.7,0.7463,4,5
756,2004-04-11,06.00.00,0.8,856.0,44.0,2.9,644.0,41.0,1259.0,49.0,1301.0,746.0,7.4,71.0,0.7346,4,6
757,2004-04-11,07.00.00,0.9,888.0,60.0,3.0,651.0,51.0,1240.0,52.0,1298.0,733.0,8.2,66.6,0.7283,4,7
758,2004-04-11,08.00.00,1.1,912.0,88.0,3.7,694.0,61.0,1196.0,58.0,1343.0,727.0,8.7,64.3,0.7267,4,8
759,2004-04-11,09.00.00,1.0,938.0,70.0,3.9,706.0,47.0,1177.0,51.0,1320.0,642.0,13.0,47.9,0.7116,4,9
760,2004-04-11,10.00.00,1.6,1053.0,94.0,6.2,823.0,87.0,1040.0,77.0,1386.0,810.0,17.4,35.4,0.699,4,10
761,2004-04-11,11.00.00,1.8,1087.0,126.0,7.3,870.0,107.0,1014.0,90.0,1412.0,851.0,20.2,29.2,0.683,4,11
762,2004-04-11,12.00.00,2.6,1153.0,181.0,9.2,945.0,161.0,969.0,118.0,1425.0,911.0,22.7,22.9,0.6224,4,12
763,2004-04-11,13.00.00,1.1,894.0,66.0,4.0,710.0,61.0,1209.0,70.0,1200.0,611.0,22.3,22.4,0.5955,4,13
764,2004-04-11,14.00.00,0.6,797.0,54.0,2.3,606.0,26.0,1452.0,35.0,1076.0,368.0,22.2,18.9,0.4993,4,14
765,2004-04-11,15.00.00,0.9,854.0,48.0,3.1,658.0,42.0,1409.0,46.0,1108.0,369.0,22.0,19.0,0.4969,4,15
766,2004-04-11,16.00.00,1.0,892.0,66.0,3.2,665.0,55.0,1348.0,58.0,1150.0,394.0,21.0,23.6,0.5788,4,16
767,2004-04-11,17.00.00,1.2,935.0,65.0,3.3,672.0,65.0,1299.0,61.0,1183.0,415.0,19.6,27.4,0.6162,4,17
768,2004-04-11,18.00.00,1.4,989.0,68.0,4.0,709.0,75.0,1225.0,80.0,1233.0,469.0,17.9,30.8,0.6258,4,18
769,2004-04-11,19.00.00,2.0,1063.0,118.0,5.7,797.0,93.0,1079.0,93.0,1285.0,607.0,16.4,35.3,0.6532,4,19
770,2004-04-11,20.00.00,1.1,922.0,65.0,3.4,674.0,63.0,1220.0,78.0,1205.0,498.0,15.6,37.5,0.6575,4,20
771,2004-04-11,21.00.00,1.1,925.0,63.0,3.5,680.0,60.0,1223.0,76.0,1217.0,481.0,15.5,36.7,0.6438,4,21
772,2004-04-11,22.00.00,1.1,924.0,61.0,2.9,648.0,63.0,1272.0,74.0,1186.0,465.0,14.5,39.0,0.6428,4,22
773,2004-04-11,23.00.00,1.1,914.0,63.0,3.1,661.0,66.0,1256.0,81.0,1187.0,478.0,14.2,38.2,0.6163,4,23
774,2004-04-12,00.00.00,0.7,840.0,31.0,1.6,556.0,41.0,1474.0,58.0,1094.0,366.0,13.7,38.3,0.5957,4,0
775,2004-04-12,01.00.00,0.6,799.0,29.0,1.1,514.0,42.0,1615.0,59.0,1036.0,332.0,14.1,34.0,0.5442,4,1
776,2004-04-12,02.00.00,0.7,856.0,34.0,2.0,581.0,36.0,1448.0,54.0,1111.0,346.0,14.6,34.0,0.5605,4,2
778,2004-04-12,04.00.00,0.3,753.0,9.0,0.7,462.0,16.0,1822.0,25.0,955.0,274.0,13.9,30.9,0.4868,4,4
779,2004-04-12,05.00.00,0.3,785.0,14.0,0.5,448.0,16.0,1923.0,26.0,1003.0,263.0,13.5,37.9,0.5852,4,5
780,2004-04-12,06.00.00,0.4,835.0,23.0,0.7,472.0,33.0,1756.0,49.0,1117.0,314.0,13.9,43.6,0.6871,4,6
781,2004-04-12,07.00.00,0.5,865.0,36.0,0.9,494.0,39.0,1613.0,53.0,1185.0,367.0,13.5,50.1,0.7706,4,7
782,2004-04-12,08.00.00,0.6,922.0,39.0,1.5,541.0,45.0,1453.0,57.0,1246.0,432.0,13.3,53.6,0.8169,4,8
783,2004-04-12,09.00.00,0.8,975.0,38.0,2.2,598.0,63.0,1268.0,73.0,1293.0,536.0,13.4,56.0,0.8576,4,9
784,2004-04-12,10.00.00,1.0,1040.0,55.0,2.9,646.0,71.0,1210.0,78.0,1325.0,555.0,13.0,59.6,0.886,4,10
785,2004-04-12,11.00.00,1.3,1115.0,75.0,3.9,707.0,104.0,1105.0,93.0,1384.0,677.0,12.7,62.7,0.9173,4,11
786,2004-04-12,12.00.00,1.1,1004.0,64.0,2.8,641.0,85.0,1201.0,71.0,1305.0,557.0,12.1,60.5,0.8505,4,12
787,2004-04-12,13.00.00,0.6,895.0,39.0,1.4,536.0,53.0,1415.0,56.0,1229.0,421.0,11.2,64.4,0.8537,4,13
788,2004-04-12,14.00.00,0.7,917.0,42.0,1.7,563.0,58.0,1415.0,60.0,1257.0,423.0,10.7,67.6,0.8703,4,14
789,2004-04-12,15.00.00,1.2,1025.0,78.0,3.6,689.0,89.0,1189.0,77.0,1325.0,519.0,11.4,61.2,0.8236,4,15
790,2004-04-12,16.00.00,1.4,1035.0,69.0,3.1,660.0,96.0,1222.0,82.0,1301.0,533.0,9.9,70.5,0.8581,4,16
791,2004-04-12,17.00.00,1.2,1025.0,67.0,3.5,682.0,88.0,1197.0,77.0,1313.0,537.0,10.3,65.2,0.8151,4,17
792,2004-04-12,18.00.00,1.3,1040.0,83.0,3.9,705.0,100.0,1149.0,91.0,1324.0,612.0,11.0,58.9,0.7714,4,18
793,2004-04-12,19.00.00,1.8,1070.0,79.0,5.2,776.0,127.0,1065.0,93.0,1369.0,697.0,10.6,59.5,0.7595,4,19
794,2004-04-12,20.00.00,1.2,964.0,68.0,3.7,692.0,88.0,1176.0,82.0,1292.0,573.0,10.6,57.7,0.7362,4,20
795,2004-04-12,21.00.00,0.8,904.0,56.0,2.7,635.0,66.0,1269.0,74.0,1233.0,489.0,10.6,56.1,0.7149,4,21
796,2004-04-12,22.00.00,0.8,913.0,49.0,2.6,626.0,61.0,1271.0,68.0,1234.0,474.0,10.3,58.0,0.7239,4,22
797,2004-04-12,23.00.00,0.8,914.0,56.0,2.4,610.0,54.0,1322.0,65.0,1230.0,455.0,10.4,58.4,0.7352,4,23
798,2004-04-13,00.00.00,0.7,893.0,48.0,2.0,587.0,46.0,1368.0,58.0,1219.0,433.0,10.7,58.2,0.7459,4,0
799,2004-04-13,01.00.00,0.5,844.0,27.0,1.3,532.0,25.0,1499.0,36.0,1176.0,376.0,10.5,59.9,0.7624,4,1
800,2004-04-13,02.00.00,0.3,837.0,29.0,1.2,518.0,18.0,1581.0,29.0,1182.0,360.0,10.5,60.8,0.7704,4,2
802,2004-04-13,04.00.00,0.3,825.0,47.0,0.9,489.0,21.0,1565.0,28.0,1171.0,363.0,11.1,60.1,0.7925,4,4
803,2004-04-13,05.00.00,0.7,956.0,66.0,3.1,656.0,76.0,1251.0,68.0,1356.0,525.0,10.1,68.4,0.8443,4,5
804,2004-04-13,06.00.00,1.6,1124.0,163.0,6.9,853.0,149.0,960.0,99.0,1531.0,873.0,10.0,68.7,0.8456,4,6
805,2004-04-13,07.00.00,3.9,1496.0,524.0,19.1,1272.0,328.0,667.0,130.0,2011.0,1399.0,11.0,64.2,0.8398,4,7
806,2004-04-13,08.00.00,4.5,1452.0,657.0,22.1,1354.0,282.0,620.0,128.0,2057.0,1501.0,12.0,58.1,0.8138,4,8
807,2004-04-13,09.00.00,2.7,1172.0,324.0,11.8,1042.0,206.0,797.0,120.0,1641.0,1186.0,12.8,52.0,0.7643,4,9
808,2004-04-13,10.00.00,1.6,1020.0,144.0,7.3,871.0,133.0,956.0,93.0,1426.0,911.0,12.6,50.8,0.7387,4,10
809,2004-04-13,11.00.00,1.6,1044.0,135.0,8.0,900.0,137.0,934.0,96.0,1471.0,919.0,13.8,47.4,0.7435,4,11
810,2004-04-13,12.00.00,1.6,1020.0,140.0,7.2,866.0,116.0,972.0,84.0,1429.0,791.0,15.1,42.7,0.7294,4,12
811,2004-04-13,13.00.00,1.5,1009.0,141.0,7.7,885.0,112.0,994.0,87.0,1439.0,751.0,16.3,38.1,0.7006,4,13
812,2004-04-13,14.00.00,1.8,1073.0,181.0,9.7,966.0,128.0,935.0,87.0,1537.0,805.0,16.6,36.7,0.6867,4,14
813,2004-04-13,15.00.00,2.1,1098.0,227.0,9.8,971.0,145.0,877.0,103.0,1527.0,966.0,15.8,40.5,0.7241,4,15
814,2004-04-13,16.00.00,1.7,1061.0,149.0,7.7,887.0,110.0,920.0,88.0,1462.0,869.0,16.3,41.8,0.7712,4,16
815,2004-04-13,17.00.00,3.0,1289.0,425.0,15.3,1158.0,184.0,755.0,118.0,1791.0,1196.0,16.1,42.8,0.7783,4,17
816,2004-04-13,18.00.00,4.6,1442.0,669.0,21.5,1337.0,243.0,630.0,134.0,2004.0,1523.0,15.3,46.8,0.8074,4,18
817,2004-04-13,19.00.00,5.0,1479.0,680.0,21.7,1343.0,259.0,631.0,144.0,1995.0,1579.0,14.7,47.0,0.7815,4,19
818,2004-04-13,20.00.00,3.5,1266.0,446.0,14.6,1138.0,205.0,726.0,129.0,1747.0,1370.0,14.1,49.6,0.7931,4,20
819,2004-04-13,21.00.00,2.1,1149.0,205.0,9.3,952.0,144.0,845.0,108.0,1577.0,1204.0,13.5,54.1,0.8351,4,21
820,2004-04-13,22.00.00,2.1,1168.0,194.0,9.4,954.0,152.0,843.0,104.0,1586.0,1201.0,12.3,59.2,0.8461,4,22
821,2004-04-13,23.00.00,1.5,1079.0,115.0,6.8,847.0,108.0,925.0,90.0,1463.0,1122.0,11.6,62.2,0.851,4,23
822,2004-04-14,00.00.00,1.1,1047.0,74.0,4.9,760.0,64.0,1032.0,74.0,1379.0,1003.0,11.5,61.4,0.8303,4,0
823,2004-04-14,01.00.00,0.9,936.0,85.0,3.9,705.0,73.0,1086.0,73.0,1364.0,918.0,10.9,64.6,0.8395,4,1
824,2004-04-14,02.00.00,0.7,900.0,66.0,2.7,635.0,47.0,1207.0,60.0,1307.0,836.0,11.1,63.2,0.8331,4,2
826,2004-04-14,04.00.00,-200.0,840.0,40.0,1.7,563.0,45.0,1349.0,57.0,1275.0,755.0,10.7,63.8,0.8174,4,4
827,2004-04-14,05.00.00,0.9,905.0,47.0,3.3,670.0,79.0,1191.0,62.0,1346.0,820.0,10.2,65.8,0.8196,4,5
828,2004-04-14,06.00.00,1.6,1079.0,116.0,7.4,875.0,113.0,947.0,71.0,1535.0,998.0,10.3,65.6,0.8225,4,6
829,2004-04-14,07.00.00,3.9,1417.0,478.0,18.2,1246.0,263.0,669.0,94.0,1921.0,1403.0,10.8,64.0,0.8307,4,7
830,2004-04-14,08.00.00,5.0,1529.0,836.0,27.7,1497.0,275.0,569.0,99.0,2278.0,1641.0,13.3,55.6,0.8453,4,8
831,2004-04-14,09.00.00,4.3,1397.0,655.0,18.3,1248.0,263.0,659.0,119.0,1906.0,1534.0,15.8,46.8,0.8328,4,9
832,2004-04-14,10.00.00,2.7,1214.0,312.0,12.3,1061.0,183.0,780.0,103.0,1662.0,1257.0,19.5,34.4,0.7738,4,10
833,2004-04-14,11.00.00,2.1,1109.0,195.0,8.9,935.0,147.0,882.0,95.0,1518.0,1026.0,21.1,30.2,0.745,4,11
834,2004-04-14,12.00.00,2.1,1122.0,238.0,10.4,993.0,132.0,859.0,95.0,1571.0,993.0,18.4,34.2,0.7185,4,12
855,2004-04-15,09.00.00,3.9,1489.0,536.0,19.1,1270.0,309.0,633.0,114.0,1889.0,1638.0,13.5,53.4,0.8196,4,9
856,2004-04-15,10.00.00,3.8,1451.0,481.0,17.3,1219.0,327.0,661.0,127.0,1804.0,1633.0,15.0,49.3,0.8364,4,10
857,2004-04-15,11.00.00,3.8,1454.0,460.0,17.5,1225.0,299.0,661.0,135.0,1809.0,1654.0,17.1,42.1,0.812,4,11
858,2004-04-15,12.00.00,3.9,1392.0,597.0,17.0,1210.0,257.0,689.0,135.0,1792.0,1559.0,18.4,36.9,0.7758,4,12
859,2004-04-15,13.00.00,3.5,1351.0,465.0,17.0,1210.0,195.0,709.0,120.0,1783.0,1374.0,19.3,35.4,0.7824,4,13
860,2004-04-15,14.00.00,4.0,1418.0,542.0,19.5,1282.0,231.0,681.0,129.0,1890.0,1418.0,19.2,35.7,0.7826,4,14
861,2004-04-15,15.00.00,3.0,1303.0,437.0,14.8,1143.0,170.0,748.0,114.0,1734.0,1228.0,21.5,30.4,0.7677,4,15
862,2004-04-15,16.00.00,3.1,1292.0,383.0,14.0,1116.0,192.0,746.0,129.0,1676.0,1293.0,19.6,34.6,0.7807,4,16
863,2004-04-15,17.00.00,5.2,1560.0,778.0,24.4,1413.0,251.0,594.0,149.0,2046.0,1642.0,19.6,35.5,0.8017,4,17
864,2004-04-15,18.00.00,5.9,1765.0,926.0,28.1,1507.0,289.0,533.0,149.0,2271.0,1895.0,18.3,44.1,0.9183,4,18
865,2004-04-15,19.00.00,7.3,1875.0,1189.0,33.7,1637.0,351.0,482.0,158.0,2446.0,2086.0,17.4,47.8,0.9392,4,19
866,2004-04-15,20.00.00,6.1,1746.0,824.0,24.2,1409.0,319.0,553.0,148.0,2119.0,1898.0,16.8,49.8,0.9446,4,20
867,2004-04-15,21.00.00,4.6,1607.0,660.0,19.8,1290.0,264.0,587.0,134.0,1960.0,1758.0,16.2,53.2,0.9723,4,21
868,2004-04-15,22.00.00,2.5,1277.0,203.0,9.3,952.0,144.0,802.0,111.0,1607.0,1284.0,14.9,59.1,0.9928,4,22
869,2004-04-15,23.00.00,2.2,1207.0,136.0,7.3,868.0,119.0,877.0,106.0,1532.0,1075.0,13.9,64.0,1.013,4,23
870,2004-04-16,00.00.00,2.0,1209.0,114.0,7.1,863.0,120.0,882.0,108.0,1547.0,1084.0,13.7,66.8,1.041,4,0
871,2004-04-16,01.00.00,1.9,1189.0,110.0,6.7,844.0,96.0,887.0,93.0,1566.0,1049.0,13.4,69.6,1.0688,4,1
872,2004-04-16,02.00.00,1.6,1132.0,127.0,6.0,810.0,77.0,899.0,83.0,1532.0,1021.0,12.8,71.9,1.0632,4,2
874,2004-04-16,04.00.00,1.0,1033.0,70.0,3.6,686.0,63.0,1030.0,69.0,1420.0,948.0,11.9,74.8,1.038,4,4
875,2004-04-16,05.00.00,1.2,1075.0,93.0,5.4,782.0,97.0,941.0,77.0,1505.0,988.0,11.6,76.4,1.0415,4,5
876,2004-04-16,06.00.00,2.0,1242.0,179.0,10.0,978.0,180.0,778.0,87.0,1686.0,1184.0,11.7,75.3,1.0325,4,6
877,2004-04-16,07.00.00,4.5,1657.0,523.0,23.2,1384.0,352.0,579.0,109.0,2176.0,1600.0,12.8,71.0,1.0428,4,7
878,2004-04-16,08.00.00,4.1,1406.0,546.0,18.7,1258.0,279.0,636.0,116.0,1890.0,1495.0,13.8,61.1,0.9595,4,8
879,2004-04-16,09.00.00,2.6,1150.0,251.0,9.9,973.0,186.0,827.0,105.0,1590.0,1188.0,15.3,51.4,0.8886,4,9
880,2004-04-16,10.00.00,2.3,1184.0,222.0,10.2,983.0,169.0,823.0,106.0,1604.0,1166.0,16.6,48.7,0.9146,4,10
881,2004-04-16,11.00.00,2.6,1223.0,212.0,11.0,1014.0,172.0,781.0,108.0,1666.0,1219.0,17.6,46.7,0.9324,4,11
882,2004-04-16,12.00.00,2.4,1196.0,263.0,10.5,997.0,127.0,802.0,100.0,1644.0,1128.0,19.2,42.7,0.9425,4,12
883,2004-04-16,13.00.00,4.3,1559.0,535.0,18.9,1267.0,230.0,653.0,149.0,2047.0,1373.0,15.7,62.5,1.1092,4,13
884,2004-04-16,14.00.00,4.6,1544.0,609.0,18.9,1266.0,280.0,613.0,148.0,2066.0,1415.0,14.5,75.7,1.2425,4,14
885,2004-04-16,15.00.00,4.0,1485.0,449.0,17.5,1223.0,242.0,650.0,126.0,1980.0,1302.0,14.4,77.4,1.2654,4,15
886,2004-04-16,16.00.00,4.7,1498.0,536.0,17.7,1230.0,250.0,649.0,140.0,1963.0,1308.0,14.6,74.9,1.2391,4,16
887,2004-04-16,17.00.00,5.7,1593.0,743.0,23.0,1378.0,309.0,582.0,142.0,2159.0,1449.0,14.6,76.0,1.2573,4,17
888,2004-04-16,18.00.00,5.2,1529.0,575.0,20.4,1309.0,270.0,627.0,141.0,2083.0,1385.0,14.0,76.3,1.2166,4,18
889,2004-04-16,19.00.00,6.4,1689.0,783.0,26.8,1474.0,323.0,560.0,149.0,2298.0,1492.0,13.9,78.0,1.2303,4,19
890,2004-04-16,20.00.00,6.0,1535.0,706.0,19.9,1295.0,307.0,627.0,140.0,2039.0,1380.0,13.8,78.0,1.2229,4,20
891,2004-04-16,21.00.00,3.4,1304.0,299.0,12.5,1067.0,224.0,737.0,117.0,1811.0,1167.0,13.5,79.4,1.2224,4,21
892,2004-04-16,22.00.00,2.7,1235.0,159.0,9.6,963.0,166.0,803.0,103.0,1680.0,1095.0,13.1,80.1,1.2016,4,22
893,2004-04-16,23.00.00,3.1,1281.0,171.0,10.0,977.0,171.0,794.0,99.0,1695.0,1105.0,12.8,81.0,1.1915,4,23
894,2004-04-17,00.00.00,2.6,1167.0,162.0,8.1,904.0,169.0,846.0,100.0,1627.0,1051.0,12.7,80.6,1.1819,4,0
895,2004-04-17,01.00.00,2.2,1134.0,111.0,7.1,863.0,120.0,869.0,88.0,1599.0,1009.0,12.5,81.8,1.1838,4,1
896,2004-04-17,02.00.00,1.9,1100.0,134.0,6.4,829.0,103.0,887.0,83.0,1565.0,972.0,12.7,81.2,1.1849,4,2
1043,2004-04-23,05.00.00,0.6,852.0,46.0,2.9,646.0,59.0,1186.0,59.0,1321.0,793.0,14.2,52.2,0.8413,4,5
1044,2004-04-23,06.00.00,0.8,923.0,56.0,4.9,757.0,72.0,1041.0,67.0,1418.0,906.0,14.3,55.4,0.9003,4,6
1045,2004-04-23,07.00.00,4.0,1490.0,452.0,22.6,1368.0,244.0,627.0,95.0,2119.0,1541.0,14.0,58.0,0.9202,4,7
1046,2004-04-23,08.00.00,5.6,1662.0,880.0,31.1,1576.0,351.0,523.0,123.0,2417.0,1861.0,15.4,53.3,0.9289,4,8
1047,2004-04-23,09.00.00,5.0,1553.0,759.0,22.1,1354.0,358.0,621.0,142.0,2030.0,1895.0,19.1,42.1,0.9233,4,9
1048,2004-04-23,10.00.00,3.2,1423.0,394.0,18.3,1247.0,245.0,706.0,142.0,1887.0,1684.0,23.7,31.0,0.8968,4,10
1049,2004-04-23,11.00.00,3.8,1458.0,639.0,22.0,1350.0,240.0,677.0,169.0,1947.0,1731.0,26.9,25.7,0.8942,4,11
1050,2004-04-23,12.00.00,3.3,1349.0,541.0,20.1,1299.0,179.0,728.0,142.0,1838.0,1402.0,29.7,20.6,0.8478,4,12
1051,2004-04-23,13.00.00,3.0,1326.0,468.0,18.9,1265.0,160.0,757.0,136.0,1835.0,1246.0,29.2,21.5,0.8573,4,13
1052,2004-04-23,14.00.00,3.2,1356.0,483.0,20.6,1312.0,174.0,729.0,147.0,1865.0,1342.0,29.6,20.1,0.8181,4,14
1053,2004-04-23,15.00.00,4.4,1460.0,682.0,25.3,1438.0,260.0,680.0,196.0,1953.0,1489.0,30.0,19.4,0.81,4,15
1054,2004-04-23,16.00.00,4.6,1497.0,698.0,25.8,1449.0,281.0,679.0,186.0,1985.0,1532.0,29.5,20.1,0.8136,4,16
1055,2004-04-23,17.00.00,5.2,1645.0,832.0,30.6,1566.0,284.0,599.0,177.0,2228.0,1909.0,27.0,26.8,0.9403,4,17
1056,2004-04-23,18.00.00,4.8,1557.0,872.0,27.1,1483.0,250.0,615.0,164.0,2087.0,1757.0,24.9,30.8,0.954,4,18
1057,2004-04-23,19.00.00,5.6,1747.0,899.0,32.5,1608.0,281.0,557.0,161.0,2335.0,1983.0,23.1,36.7,1.0244,4,19
1058,2004-04-23,20.00.00,4.6,1482.0,692.0,20.8,1319.0,230.0,660.0,146.0,1975.0,1703.0,21.5,40.8,1.0333,4,20
1059,2004-04-23,21.00.00,1.8,1211.0,145.0,10.9,1010.0,98.0,816.0,98.0,1619.0,1246.0,20.5,41.5,0.9864,4,21
1060,2004-04-23,22.00.00,2.2,1294.0,208.0,13.0,1083.0,121.0,770.0,108.0,1687.0,1321.0,19.2,44.9,0.9875,4,22
1061,2004-04-23,23.00.00,2.0,1300.0,204.0,11.8,1043.0,110.0,777.0,107.0,1659.0,1375.0,18.8,47.7,1.0221,4,23
1062,2004-04-24,00.00.00,2.8,1402.0,240.0,13.4,1098.0,161.0,736.0,113.0,1729.0,1456.0,18.2,49.7,1.0284,4,0
1063,2004-04-24,01.00.00,2.6,1349.0,251.0,13.4,1097.0,148.0,707.0,100.0,1763.0,1442.0,16.1,57.4,1.0451,4,1
1064,2004-04-24,02.00.00,1.8,1161.0,173.0,9.0,938.0,109.0,827.0,87.0,1597.0,1243.0,16.3,55.3,1.0178,4,2
1066,2004-04-24,04.00.00,-200.0,948.0,55.0,3.8,700.0,45.0,1045.0,60.0,1430.0,939.0,16.9,49.8,0.9514,4,4
1067,2004-04-24,05.00.00,0.7,933.0,65.0,3.7,697.0,71.0,1045.0,65.0,1403.0,937.0,14.8,57.7,0.9644,4,5
1068,2004-04-24,06.00.00,0.9,1021.0,119.0,5.7,800.0,75.0,931.0,64.0,1483.0,1019.0,14.0,59.7,0.9499,4,6
1069,2004-04-24,07.00.00,1.5,1134.0,151.0,10.0,979.0,106.0,794.0,73.0,1639.0,1140.0,14.6,56.8,0.9385,4,7
1070,2004-04-24,08.00.00,2.5,1311.0,305.0,15.0,1147.0,166.0,681.0,86.0,1838.0,1351.0,16.7,51.9,0.9788,4,8
1071,2004-04-24,09.00.00,3.0,1409.0,415.0,15.6,1169.0,188.0,685.0,105.0,1874.0,1459.0,20.0,45.0,1.039,4,9
1072,2004-04-24,10.00.00,2.6,1301.0,321.0,12.3,1059.0,161.0,787.0,107.0,1727.0,1297.0,23.9,33.7,0.9837,4,10
1073,2004-04-24,11.00.00,2.6,1354.0,358.0,14.4,1130.0,139.0,765.0,114.0,1808.0,1291.0,26.8,29.5,1.0209,4,11
1074,2004-04-24,12.00.00,2.6,1391.0,350.0,14.6,1136.0,134.0,738.0,105.0,1840.0,1296.0,27.2,32.4,1.1493,4,12
1075,2004-04-24,13.00.00,1.9,1200.0,238.0,8.7,929.0,84.0,879.0,74.0,1623.0,972.0,26.9,32.1,1.1217,4,13
1076,2004-04-24,14.00.00,2.0,1338.0,215.0,11.0,1016.0,98.0,798.0,95.0,1766.0,1194.0,24.3,41.8,1.2561,4,14
1077,2004-04-24,15.00.00,1.7,1223.0,192.0,9.0,938.0,91.0,884.0,89.0,1610.0,880.0,25.6,36.0,1.1629,4,15
1078,2004-04-24,16.00.00,1.9,1278.0,205.0,10.7,1003.0,99.0,845.0,95.0,1691.0,909.0,27.0,31.8,1.1176,4,16
1079,2004-04-24,17.00.00,1.8,1257.0,165.0,9.9,973.0,90.0,860.0,93.0,1634.0,839.0,27.5,31.6,1.1417,4,17
1080,2004-04-24,18.00.00,2.8,1497.0,283.0,15.7,1171.0,147.0,725.0,123.0,1899.0,1248.0,24.9,38.1,1.1838,4,18
1081,2004-04-24,19.00.00,3.5,1567.0,467.0,19.4,1280.0,177.0,661.0,134.0,1970.0,1476.0,23.4,39.7,1.1276,4,19
1082,2004-04-24,20.00.00,3.4,1503.0,485.0,16.8,1203.0,162.0,651.0,126.0,1863.0,1502.0,21.2,50.8,1.2631,4,20
1083,2004-04-24,21.00.00,2.0,1169.0,202.0,6.8,850.0,88.0,906.0,79.0,1584.0,873.0,15.6,73.5,1.2953,4,21
1084,2004-04-24,22.00.00,1.1,1007.0,64.0,3.0,650.0,53.0,1157.0,54.0,1404.0,528.0,12.9,79.7,1.1774,4,22
1085,2004-04-24,23.00.00,1.3,1004.0,71.0,3.2,667.0,68.0,1157.0,69.0,1365.0,492.0,11.5,76.9,1.0436,4,23
1086,2004-04-25,00.00.00,1.2,967.0,84.0,3.1,661.0,61.0,1181.0,67.0,1321.0,463.0,12.2,66.8,0.9455,4,0
1087,2004-04-25,01.00.00,1.3,984.0,70.0,3.9,707.0,71.0,1131.0,73.0,1359.0,494.0,12.4,64.1,0.9209,4,1
1088,2004-04-25,02.00.00,1.0,931.0,61.0,3.6,689.0,63.0,1161.0,73.0,1317.0,503.0,12.7,58.7,0.8605,4,2
1090,2004-04-25,04.00.00,-200.0,777.0,40.0,1.2,521.0,23.0,1535.0,33.0,1121.0,350.0,12.5,51.2,0.7374,4,4
1091,2004-04-25,05.00.00,0.3,763.0,20.0,0.7,471.0,14.0,1783.0,20.0,1098.0,305.0,12.5,50.9,0.7346,4,5
1092,2004-04-25,06.00.00,0.5,804.0,31.0,1.1,505.0,34.0,1718.0,37.0,1148.0,329.0,12.8,49.3,0.7285,4,6
1093,2004-04-25,07.00.00,0.6,830.0,41.0,1.4,535.0,42.0,1496.0,50.0,1184.0,375.0,13.5,48.6,0.7487,4,7
1094,2004-04-25,08.00.00,0.6,833.0,40.0,1.6,553.0,40.0,1476.0,45.0,1180.0,373.0,14.4,45.9,0.7476,4,8
1095,2004-04-25,09.00.00,0.8,875.0,35.0,2.3,603.0,48.0,1370.0,48.0,1206.0,385.0,15.1,43.9,0.7487,4,9
1096,2004-04-25,10.00.00,1.0,882.0,44.0,2.5,621.0,61.0,1346.0,56.0,1216.0,403.0,16.6,38.6,0.7236,4,10
1097,2004-04-25,11.00.00,0.9,862.0,71.0,2.7,635.0,58.0,1320.0,58.0,1193.0,393.0,17.2,35.0,0.6789,4,11
1098,2004-04-25,12.00.00,1.0,863.0,66.0,2.7,636.0,57.0,1290.0,52.0,1185.0,388.0,17.4,33.9,0.6683,4,12
1099,2004-04-25,13.00.00,0.8,830.0,46.0,2.2,596.0,54.0,1389.0,52.0,1145.0,371.0,17.9,30.7,0.6234,4,13
1100,2004-04-25,14.00.00,0.7,807.0,50.0,2.0,584.0,41.0,1488.0,44.0,1104.0,347.0,18.3,27.2,0.5675,4,14
1101,2004-04-25,15.00.00,0.9,873.0,51.0,3.4,675.0,57.0,1343.0,59.0,1181.0,396.0,19.4,25.7,0.5738,4,15
1102,2004-04-25,16.00.00,1.3,931.0,64.0,4.5,739.0,83.0,1274.0,74.0,1219.0,474.0,20.2,24.1,0.563,4,16
1103,2004-04-25,17.00.00,1.4,918.0,138.0,4.7,748.0,81.0,1228.0,76.0,1219.0,505.0,19.6,24.9,0.5625,4,17
1104,2004-04-25,18.00.00,1.5,1001.0,137.0,6.0,811.0,98.0,1122.0,83.0,1344.0,625.0,18.5,27.8,0.5843,4,18
1105,2004-04-25,19.00.00,2.7,1169.0,303.0,11.7,1039.0,124.0,883.0,100.0,1550.0,941.0,17.8,30.3,0.6129,4,19
1106,2004-04-25,20.00.00,2.5,1085.0,204.0,8.2,907.0,133.0,976.0,101.0,1419.0,893.0,16.6,34.0,0.6353,4,20
1107,2004-04-25,21.00.00,1.4,940.0,95.0,5.1,769.0,100.0,1103.0,90.0,1310.0,731.0,15.5,37.0,0.6447,4,21
1108,2004-04-25,22.00.00,2.8,1126.0,347.0,13.0,1083.0,116.0,875.0,93.0,1654.0,955.0,14.8,39.5,0.6595,4,22
1109,2004-04-25,23.00.00,2.1,978.0,252.0,7.0,858.0,102.0,1013.0,79.0,1379.0,761.0,14.5,42.0,0.6896,4,23
1110,2004-04-26,00.00.00,1.1,893.0,66.0,3.9,703.0,55.0,1192.0,57.0,1283.0,515.0,14.1,44.9,0.7206,4,0
1111,2004-04-26,01.00.00,0.7,838.0,45.0,2.2,601.0,33.0,1361.0,43.0,1220.0,434.0,14.2,45.5,0.7333,4,1
1112,2004-04-26,02.00.00,0.4,803.0,36.0,1.3,527.0,17.0,1513.0,25.0,1152.0,369.0,14.1,45.3,0.7247,4,2
1114,2004-04-26,04.00.00,-200.0,767.0,17.0,0.6,454.0,10.0,1826.0,17.0,1091.0,319.0,14.1,43.0,0.689,4,4
1115,2004-04-26,05.00.00,0.4,809.0,21.0,1.2,521.0,35.0,1575.0,44.0,1158.0,378.0,13.9,43.9,0.6923,4,5
1116,2004-04-26,06.00.00,0.8,898.0,60.0,3.4,676.0,70.0,1271.0,72.0,1307.0,517.0,14.0,43.8,0.6959,4,6
1117,2004-04-26,07.00.00,1.9,1053.0,155.0,7.5,880.0,116.0,982.0,91.0,1464.0,786.0,14.4,43.6,0.7113,4,7
1118,2004-04-26,08.00.00,2.1,1033.0,235.0,8.9,934.0,134.0,917.0,89.0,1490.0,844.0,15.0,41.7,0.7093,4,8
1119,2004-04-26,09.00.00,1.4,941.0,89.0,5.3,780.0,113.0,1080.0,84.0,1343.0,720.0,16.3,38.4,0.7052,4,9
1120,2004-04-26,10.00.00,1.4,941.0,76.0,5.4,782.0,110.0,1102.0,83.0,1328.0,668.0,18.3,32.3,0.676,4,10
1121,2004-04-26,11.00.00,1.3,917.0,101.0,5.2,772.0,98.0,1098.0,78.0,1311.0,605.0,18.8,31.7,0.6821,4,11
1122,2004-04-26,12.00.00,1.5,977.0,109.0,6.6,837.0,96.0,1038.0,80.0,1413.0,646.0,19.6,30.9,0.6968,4,12
1123,2004-04-26,13.00.00,1.6,994.0,143.0,6.9,851.0,95.0,1018.0,75.0,1436.0,640.0,20.2,30.7,0.7176,4,13
1124,2004-04-26,14.00.00,1.3,942.0,104.0,5.4,785.0,86.0,1065.0,77.0,1365.0,571.0,19.7,32.5,0.7396,4,14
1125,2004-04-26,15.00.00,1.4,981.0,107.0,6.0,810.0,86.0,1060.0,77.0,1395.0,605.0,20.7,31.6,0.7602,4,15
1126,2004-04-26,16.00.00,1.5,984.0,133.0,6.4,832.0,91.0,1034.0,81.0,1410.0,636.0,20.0,32.7,0.7545,4,16
1127,2004-04-26,17.00.00,2.2,1116.0,171.0,10.7,1003.0,119.0,864.0,101.0,1625.0,886.0,18.6,35.4,0.7535,4,17
1128,2004-04-26,18.00.00,3.2,1181.0,405.0,13.9,1114.0,147.0,787.0,119.0,1685.0,1032.0,18.3,35.9,0.7501,4,18
1129,2004-04-26,19.00.00,3.0,1163.0,334.0,12.5,1068.0,135.0,811.0,111.0,1616.0,977.0,17.8,37.5,0.7568,4,19
1130,2004-04-26,20.00.00,2.6,1081.0,236.0,9.3,950.0,124.0,907.0,109.0,1496.0,924.0,17.3,38.8,0.7584,4,20
1131,2004-04-26,21.00.00,1.6,1017.0,99.0,6.7,842.0,89.0,1000.0,101.0,1441.0,846.0,17.3,38.8,0.7596,4,21
1132,2004-04-26,22.00.00,1.5,966.0,93.0,5.3,778.0,79.0,1057.0,89.0,1359.0,755.0,16.4,40.8,0.7542,4,22
1133,2004-04-26,23.00.00,1.2,924.0,82.0,4.0,709.0,63.0,1158.0,75.0,1318.0,610.0,16.0,41.4,0.7487,4,23
1134,2004-04-27,00.00.00,0.8,861.0,51.0,2.2,601.0,39.0,1351.0,51.0,1225.0,439.0,15.4,43.0,0.7482,4,0
1135,2004-04-27,01.00.00,0.7,826.0,41.0,1.7,560.0,25.0,1424.0,39.0,1197.0,402.0,15.7,42.5,0.7539,4,1
1136,2004-04-27,02.00.00,0.5,846.0,31.0,1.6,557.0,19.0,1385.0,32.0,1212.0,406.0,15.6,43.4,0.7651,4,2
1138,2004-04-27,04.00.00,-200.0,909.0,41.0,2.5,617.0,34.0,1236.0,49.0,1302.0,558.0,14.7,49.9,0.828,4,4
1139,2004-04-27,05.00.00,0.7,930.0,38.0,3.3,670.0,58.0,1143.0,68.0,1339.0,746.0,15.5,47.3,0.8282,4,5
1140,2004-04-27,06.00.00,1.4,1120.0,111.0,8.9,935.0,112.0,843.0,76.0,1593.0,1126.0,14.4,53.1,0.8677,4,6
1141,2004-04-27,07.00.00,4.1,1518.0,584.0,23.4,1389.0,314.0,589.0,122.0,2101.0,1703.0,15.9,48.5,0.8704,4,7
1142,2004-04-27,08.00.00,4.6,1461.0,633.0,23.8,1398.0,240.0,630.0,129.0,2050.0,1628.0,18.1,40.3,0.8294,4,8
1143,2004-04-27,09.00.00,1.9,1075.0,145.0,7.9,896.0,128.0,938.0,94.0,1487.0,936.0,19.6,35.9,0.81,4,9
1144,2004-04-27,10.00.00,1.9,1061.0,155.0,8.2,908.0,141.0,968.0,99.0,1455.0,890.0,22.8,29.1,0.796,4,10
1145,2004-04-27,11.00.00,1.7,1066.0,128.0,8.8,931.0,118.0,979.0,81.0,1474.0,757.0,24.8,25.3,0.7793,4,11
1146,2004-04-27,12.00.00,2.4,1179.0,255.0,14.6,1137.0,132.0,829.0,87.0,1651.0,949.0,27.2,22.0,0.7785,4,12
1147,2004-04-27,13.00.00,3.0,1251.0,411.0,18.0,1238.0,150.0,773.0,107.0,1779.0,1109.0,28.2,20.4,0.7677,4,13
1148,2004-04-27,14.00.00,2.0,1120.0,173.0,12.0,1048.0,121.0,898.0,95.0,1560.0,870.0,25.4,24.2,0.7733,4,14
1149,2004-04-27,15.00.00,2.7,1187.0,277.0,14.8,1142.0,149.0,840.0,110.0,1651.0,1011.0,25.7,23.8,0.7737,4,15
1150,2004-04-27,16.00.00,2.2,1145.0,259.0,12.5,1066.0,120.0,903.0,99.0,1592.0,885.0,27.2,22.1,0.7811,4,16
1151,2004-04-27,17.00.00,2.9,1215.0,274.0,15.5,1164.0,155.0,817.0,113.0,1689.0,1015.0,27.0,22.3,0.786,4,17
1152,2004-04-27,18.00.00,3.4,1317.0,377.0,17.7,1231.0,172.0,766.0,127.0,1798.0,1155.0,24.5,27.8,0.8433,4,18
1153,2004-04-27,19.00.00,3.9,1388.0,457.0,21.6,1341.0,177.0,702.0,131.0,1955.0,1315.0,23.7,30.2,0.8718,4,19
1154,2004-04-27,20.00.00,3.6,1295.0,555.0,18.9,1266.0,181.0,716.0,137.0,1849.0,1359.0,21.5,34.5,0.8746,4,20
1155,2004-04-27,21.00.00,2.5,1153.0,279.0,12.5,1066.0,135.0,811.0,122.0,1651.0,1194.0,19.9,37.8,0.8675,4,21
1156,2004-04-27,22.00.00,1.8,1078.0,137.0,8.8,932.0,99.0,905.0,100.0,1511.0,951.0,18.9,40.6,0.8771,4,22
1157,2004-04-27,23.00.00,2.0,1133.0,203.0,10.9,1012.0,111.0,806.0,108.0,1608.0,1054.0,17.9,43.5,0.884,4,23
1158,2004-04-28,00.00.00,1.3,1055.0,101.0,8.0,899.0,72.0,880.0,83.0,1504.0,980.0,17.4,46.3,0.9112,4,0
1159,2004-04-28,01.00.00,1.0,953.0,86.0,4.4,735.0,54.0,999.0,74.0,1396.0,898.0,18.1,44.7,0.9186,4,1
1160,2004-04-28,02.00.00,0.6,892.0,51.0,2.8,639.0,41.0,1139.0,64.0,1359.0,803.0,16.5,50.1,0.9331,4,2
1162,2004-04-28,04.00.00,-200.0,859.0,35.0,2.2,602.0,24.0,1209.0,40.0,1321.0,644.0,14.7,56.2,0.9341,4,4
1163,2004-04-28,05.00.00,0.5,856.0,33.0,2.5,619.0,29.0,1191.0,39.0,1345.0,677.0,16.3,52.8,0.9722,4,5
1164,2004-04-28,06.00.00,1.1,1030.0,95.0,7.5,880.0,76.0,892.0,69.0,1539.0,996.0,13.9,60.7,0.9597,4,6
1165,2004-04-28,07.00.00,5.5,1689.0,754.0,30.4,1560.0,321.0,529.0,104.0,2396.0,1736.0,15.0,58.3,0.9876,4,7
1166,2004-04-28,08.00.00,4.2,1486.0,588.0,22.0,1351.0,274.0,571.0,100.0,2112.0,1692.0,16.1,54.8,0.996,4,8
1167,2004-04-28,09.00.00,4.6,1592.0,658.0,24.7,1423.0,322.0,577.0,146.0,2155.0,2108.0,19.3,46.4,1.0248,4,9
1168,2004-04-28,10.00.00,3.4,1469.0,372.0,18.4,1252.0,255.0,692.0,155.0,1903.0,1807.0,24.2,33.8,1.0097,4,10
1169,2004-04-28,11.00.00,2.8,1364.0,386.0,16.8,1205.0,196.0,723.0,139.0,1850.0,1566.0,26.7,28.7,0.9895,4,11
1170,2004-04-28,12.00.00,2.5,1285.0,333.0,14.2,1123.0,136.0,755.0,121.0,1741.0,1293.0,27.4,28.2,1.0098,4,12
1171,2004-04-28,13.00.00,2.4,1311.0,293.0,15.7,1170.0,119.0,748.0,108.0,1787.0,1219.0,28.1,26.9,1.0094,4,13
1172,2004-04-28,14.00.00,3.2,1416.0,511.0,21.9,1348.0,169.0,684.0,126.0,1969.0,1330.0,27.7,26.5,0.9693,4,14
1173,2004-04-28,15.00.00,3.5,1387.0,559.0,20.8,1318.0,197.0,701.0,145.0,1890.0,1299.0,28.4,23.4,0.8935,4,15
1174,2004-04-28,16.00.00,2.9,1329.0,375.0,16.2,1185.0,140.0,768.0,121.0,1750.0,1111.0,28.4,26.0,0.9922,4,16
1175,2004-04-28,17.00.00,3.6,1496.0,509.0,19.8,1292.0,178.0,680.0,145.0,1878.0,1300.0,27.3,30.0,1.0752,4,17
1176,2004-04-28,18.00.00,4.8,1676.0,790.0,28.9,1525.0,223.0,567.0,160.0,2226.0,1653.0,24.3,37.3,1.1199,4,18
1177,2004-04-28,19.00.00,5.4,1724.0,816.0,28.3,1510.0,222.0,562.0,155.0,2252.0,1716.0,23.1,42.2,1.1746,4,19
1178,2004-04-28,20.00.00,5.3,1642.0,804.0,24.9,1426.0,265.0,597.0,162.0,2117.0,1720.0,21.8,43.6,1.1226,4,20
1179,2004-04-28,21.00.00,2.7,1267.0,332.0,13.1,1088.0,151.0,764.0,129.0,1740.0,1339.0,19.8,46.8,1.0702,4,21
1180,2004-04-28,22.00.00,1.4,1146.0,156.0,8.6,923.0,79.0,845.0,96.0,1575.0,1166.0,19.6,49.8,1.1221,4,22
1181,2004-04-28,23.00.00,1.6,1216.0,143.0,9.5,960.0,87.0,788.0,92.0,1662.0,1256.0,17.9,56.2,1.142,4,23
1182,2004-04-29,00.00.00,1.5,1128.0,117.0,7.8,891.0,88.0,838.0,89.0,1574.0,1125.0,17.4,55.6,1.0963,4,0
1183,2004-04-29,01.00.00,1.0,1042.0,84.0,5.2,772.0,51.0,923.0,61.0,1495.0,968.0,16.8,59.5,1.1269,4,1
1184,2004-04-29,02.00.00,0.6,926.0,60.0,2.8,639.0,34.0,1115.0,54.0,1409.0,814.0,15.9,60.1,1.0806,4,2
1186,2004-04-29,04.00.00,-200.0,889.0,40.0,2.5,617.0,31.0,1168.0,44.0,1382.0,758.0,14.6,63.4,1.0446,4,4
1187,2004-04-29,05.00.00,0.8,959.0,64.0,4.4,734.0,76.0,1038.0,57.0,1470.0,861.0,13.3,67.0,1.0203,4,5
1188,2004-04-29,06.00.00,1.5,1097.0,148.0,9.4,956.0,139.0,827.0,68.0,1620.0,1047.0,12.9,66.5,0.9846,4,6
1189,2004-04-29,07.00.00,4.9,1674.0,635.0,29.8,1547.0,293.0,539.0,95.0,2405.0,1665.0,14.8,61.3,1.0237,4,7
1190,2004-04-29,08.00.00,7.2,1771.0,1129.0,36.2,1690.0,368.0,461.0,125.0,2572.0,1982.0,16.1,56.5,1.0274,4,8
1191,2004-04-29,09.00.00,3.5,1408.0,475.0,18.0,1241.0,250.0,648.0,135.0,1886.0,1711.0,18.6,47.8,1.0143,4,9
1192,2004-04-29,10.00.00,2.1,1156.0,220.0,10.9,1009.0,145.0,875.0,118.0,1583.0,1204.0,23.8,30.2,0.8771,4,10
1193,2004-04-29,11.00.00,1.5,1042.0,105.0,9.0,941.0,110.0,971.0,91.0,1491.0,871.0,25.4,25.0,0.7966,4,11
1194,2004-04-29,12.00.00,2.0,1167.0,190.0,14.4,1128.0,104.0,829.0,89.0,1716.0,1040.0,25.6,25.5,0.8234,4,12
1195,2004-04-29,13.00.00,3.8,1398.0,516.0,22.3,1360.0,205.0,656.0,129.0,2037.0,1439.0,24.9,29.9,0.9325,4,13
1196,2004-04-29,14.00.00,3.4,1458.0,346.0,20.9,1321.0,201.0,654.0,122.0,2023.0,1516.0,22.4,37.9,1.016,4,14
1197,2004-04-29,15.00.00,4.4,1554.0,565.0,23.1,1379.0,266.0,614.0,138.0,2151.0,1693.0,21.7,44.0,1.1242,4,15
1198,2004-04-29,16.00.00,3.9,1495.0,483.0,21.2,1331.0,246.0,615.0,136.0,2069.0,1635.0,21.4,44.4,1.1176,4,16
1199,2004-04-29,17.00.00,4.9,1560.0,651.0,24.8,1424.0,247.0,579.0,143.0,2176.0,1688.0,20.8,45.3,1.1016,4,17
1200,2004-04-29,18.00.00,5.4,1664.0,657.0,28.6,1519.0,271.0,553.0,145.0,2312.0,1820.0,20.2,48.6,1.1354,4,18
1201,2004-04-29,19.00.00,6.5,1761.0,830.0,32.6,1610.0,332.0,502.0,146.0,2488.0,2006.0,20.2,50.8,1.1924,4,19
1202,2004-04-29,20.00.00,4.3,1524.0,435.0,19.2,1275.0,245.0,608.0,122.0,2046.0,1740.0,18.6,57.6,1.2233,4,20
1203,2004-04-29,21.00.00,2.9,1398.0,209.0,16.3,1189.0,180.0,646.0,112.0,1931.0,1577.0,18.2,58.8,1.2173,4,21
1204,2004-04-29,22.00.00,2.7,1342.0,202.0,13.7,1106.0,156.0,694.0,102.0,1856.0,1443.0,17.8,61.0,1.2352,4,22
1205,2004-04-29,23.00.00,2.8,1433.0,174.0,13.6,1104.0,172.0,681.0,97.0,1876.0,1411.0,17.0,70.7,1.3554,4,23
1206,2004-04-30,00.00.00,2.3,1297.0,170.0,11.1,1019.0,137.0,733.0,85.0,1823.0,1217.0,16.2,76.9,1.4051,4,0
1207,2004-04-30,01.00.00,1.7,1179.0,116.0,7.6,884.0,91.0,830.0,76.0,1696.0,1086.0,15.7,78.6,1.3943,4,1
1208,2004-04-30,02.00.00,1.2,1097.0,91.0,5.9,809.0,80.0,897.0,74.0,1628.0,1050.0,15.7,78.4,1.3917,4,2
1210,2004-04-30,04.00.00,-200.0,1017.0,59.0,4.0,711.0,46.0,1009.0,56.0,1554.0,906.0,15.4,78.5,1.3635,4,4
1211,2004-04-30,05.00.00,0.8,1005.0,48.0,4.5,738.0,68.0,1005.0,66.0,1563.0,917.0,15.7,74.7,1.3194,4,5
1212,2004-04-30,06.00.00,1.7,1206.0,111.0,9.3,949.0,162.0,818.0,90.0,1771.0,1116.0,15.9,73.1,1.3136,4,6
1213,2004-04-30,07.00.00,3.0,1458.0,345.0,18.3,1249.0,213.0,662.0,111.0,2033.0,1380.0,16.6,68.2,1.2737,4,7
1214,2004-04-30,08.00.00,3.4,1405.0,332.0,19.9,1295.0,161.0,638.0,103.0,2065.0,1378.0,18.7,57.6,1.2323,4,8
1215,2004-04-30,09.00.00,3.3,1381.0,344.0,16.6,1199.0,209.0,685.0,117.0,1970.0,1365.0,17.6,65.0,1.2945,4,9
1216,2004-04-30,10.00.00,2.7,1315.0,212.0,12.6,1072.0,191.0,736.0,116.0,1833.0,1273.0,16.3,73.2,1.3458,4,10
1217,2004-04-30,11.00.00,2.6,1332.0,166.0,12.9,1082.0,215.0,707.0,109.0,1889.0,1242.0,16.0,78.5,1.4209,4,11
1218,2004-04-30,12.00.00,3.2,1362.0,214.0,14.9,1145.0,212.0,673.0,116.0,1973.0,1294.0,17.3,72.4,1.4125,4,12
1219,2004-04-30,13.00.00,3.4,1399.0,377.0,17.4,1222.0,202.0,643.0,115.0,2061.0,1413.0,19.4,60.9,1.3545,4,13
1220,2004-04-30,14.00.00,2.6,1310.0,210.0,15.4,1160.0,153.0,695.0,94.0,1939.0,1224.0,21.4,50.9,1.2823,4,14
1221,2004-04-30,15.00.00,3.4,1399.0,265.0,16.7,1201.0,185.0,699.0,121.0,1971.0,1318.0,22.7,45.8,1.2465,4,15
1222,2004-04-30,16.00.00,4.0,1524.0,365.0,18.0,1239.0,210.0,644.0,114.0,2139.0,1404.0,20.9,60.8,1.4852,4,16
1223,2004-04-30,17.00.00,4.5,1487.0,454.0,19.2,1274.0,215.0,641.0,110.0,2133.0,1471.0,21.0,54.3,1.3353,4,17
1224,2004-04-30,18.00.00,4.2,1480.0,460.0,21.0,1324.0,215.0,622.0,122.0,2162.0,1623.0,20.8,54.4,1.3194,4,18
1225,2004-04-30,19.00.00,5.7,1626.0,642.0,26.9,1476.0,281.0,555.0,135.0,2356.0,1786.0,19.8,58.6,1.3392,4,19
1226,2004-04-30,20.00.00,4.4,1449.0,501.0,19.5,1282.0,254.0,625.0,133.0,2100.0,1569.0,19.1,61.1,1.3345,4,20
1227,2004-04-30,21.00.00,3.1,1363.0,234.0,15.1,1152.0,189.0,684.0,110.0,1951.0,1495.0,18.2,65.4,1.3529,4,21
1228,2004-04-30,22.00.00,3.0,1371.0,212.0,14.6,1136.0,174.0,689.0,102.0,1927.0,1471.0,18.1,66.1,1.3579,4,22
1229,2004-04-30,23.00.00,3.1,1406.0,275.0,13.7,1107.0,167.0,718.0,108.0,1872.0,1384.0,17.7,66.9,1.3422,4,23
1230,2004-05-01,00.00.00,3.5,1425.0,275.0,15.2,1155.0,185.0,709.0,110.0,1936.0,1789.0,17.8,66.8,1.346,5,0
